災情發生時間,主災情類型名稱,災情行政區,經度,緯度
2022-01-03T17:52:10,建物毀損,信義區,121.5590973,25.03340912
2022-01-03T18:02:56,民生、基礎設施災情,中山區,121.525177,25.04813385
2022-01-03T18:04:19,民生、基礎設施災情,中山區,121.5298004,25.05932426
2022-01-03T18:05:36,民生、基礎設施災情,中山區,121.5303879,25.06161118
2022-01-03T18:05:39,民生、基礎設施災情,松山區,121.5633926,25.04774094
2022-01-03T18:06:03,民生、基礎設施災情,中山區,121.5417862,25.06636238
2022-01-03T18:07:01,民生、基礎設施災情,松山區,121.5441284,25.04687309
2022-01-03T18:07:27,民生、基礎設施災情,萬華區,121.5017166,25.03143692
2022-01-03T18:07:28,民生、基礎設施災情,中山區,121.5295105,25.05970955
2022-01-03T18:07:46,民生、基礎設施災情,中山區,121.5299454,25.06616592
2022-01-03T18:11:18,民生、基礎設施災情,信義區,121.5739975,25.0457077
2022-01-03T18:12:27,其他災情,文山區,121.5394363,25.00029945
2022-01-03T18:12:27,其他災情,文山區,121.5394363,25.00029945
2022-01-03T18:13:07,民生、基礎設施災情,大安區,121.5270157,25.02841568
2022-01-03T18:13:36,民生、基礎設施災情,大同區,121.5128326,25.07097054
2022-01-03T18:13:56,民生、基礎設施災情,中山區,121.5283279,25.06769943
2022-01-03T18:15:46,民生、基礎設施災情,中山區,121.5259171,25.05125046
2022-01-03T18:18:06,建物毀損,中山區,121.5325241,25.04856491
2022-01-03T18:20:56,民生、基礎設施災情,信義區,121.5588455,25.03676605
2022-01-03T18:24:32,建物毀損,中山區,121.5325165,25.04857063
2022-01-03T18:27:49,建物毀損,中正區,121.5111008,25.03681946
2022-01-03T18:34:30,其他災情,北投區,121.5204697,25.1145153
2022-01-03T18:46:11,建物毀損,中山區,121.5227432,25.06068039
2022-01-03T18:56:24,建物毀損,松山區,121.5761337,25.05022049
2022-01-03T19:02:51,建物毀損,中山區,121.5292435,25.05539322
2022-01-03T19:07:41,民生、基礎設施災情,北投區,121.5002747,25.13044739
2022-01-03T19:10:52,其他災情,大同區,121.5139008,25.05545998
2022-01-03T19:13:16,民生、基礎設施災情,中正區,121.5179367,25.03087425
2022-01-03T19:25:09,民生、基礎設施災情,北投區,121.4994812,25.13266563
2022-01-03T19:30:20,民生、基礎設施災情,松山區,121.5609512,25.0542469
2022-01-03T19:30:32,建物毀損,大安區,121.5459671,25.02680969
2022-01-03T19:40:43,建物毀損,信義區,121.5750809,25.03378105
2022-01-03T19:47:38,建物毀損,松山區,121.5543976,25.05182457
2024-04-03T08:00:38,建物毀損,內湖區,121.6113129,25.07315826
2024-04-03T08:00:59,建物毀損,大安區,121.5388412,25.01119995
2024-04-03T08:01:07,其他災情,大同區,121.5164108,25.06274986
2024-04-03T08:02:25,其他災情,大安區,121.5294724,25.0306797
2024-04-03T08:02:25,火災,大安區,121.5294724,25.0306797
2024-04-03T08:02:25,火災,大安區,121.5294724,25.0306797
2024-04-03T08:03:38,民生、基礎設施災情,中山區,121.5353699,25.06741714
2024-04-03T08:05:48,民生、基礎設施災情,文山區,121.5685425,25.00164604
2024-04-03T08:07:02,其他災情,中正區,121.530365,25.04398918
2024-04-03T08:07:31,其他災情,松山區,121.5477142,25.04543114
2024-04-03T08:09:03,民生、基礎設施災情,南港區,121.5569382,24.98420143
2024-04-03T08:10:10,其他災情,大同區,121.5199585,25.05415154
2024-04-03T08:11:40,其他災情,大同區,121.5195465,25.05739212
2024-04-03T08:11:54,其他災情,中正區,121.5146027,25.02845192
2024-04-03T08:12:21,其他災情,內湖區,121.6052017,25.07370186
2024-04-03T08:12:52,其他災情,中正區,121.5175858,25.02700806
2024-04-03T08:12:52,其他災情,中正區,121.5175858,25.02700806
2024-04-03T08:12:57,其他災情,萬華區,121.4998093,25.03501129
2024-04-03T08:13:41,其他災情,萬華區,121.5069504,25.02583122
2024-04-03T08:14:01,民生、基礎設施災情,文山區,121.5388947,25.00679016
2024-04-03T08:14:02,其他災情,士林區,121.5333023,25.11940575
2024-04-03T08:14:05,其他災情,南港區,121.609581,25.05212593
2024-04-03T08:14:28,民生、基礎設施災情,中山區,121.5235519,25.05314636
2024-04-03T08:15:07,民生、基礎設施災情,南港區,121.5937119,25.04742432
2024-04-03T08:15:31,民生、基礎設施災情,中山區,121.5233383,25.05313683
2024-04-03T08:16:06,其他災情,中正區,121.5163956,25.0270195
2024-04-03T08:17:07,其他災情,中山區,121.5335007,25.06275368
2024-04-03T08:17:18,其他災情,士林區,121.5194473,25.10279083
2024-04-03T08:17:19,民生、基礎設施災情,南港區,121.5491562,25.03282547
2024-04-03T08:17:29,民生、基礎設施災情,信義區,121.5683594,25.03582382
2024-04-03T08:17:34,民生、基礎設施災情,大同區,121.5183563,25.07048225
2024-04-03T08:17:52,民生、基礎設施災情,萬華區,121.5637817,25.03752327
2024-04-03T08:18:11,建物毀損,中山區,121.5418243,25.0469265
2024-04-03T08:18:16,其他災情,文山區,121.5643387,25.00361061
2024-04-03T08:18:31,其他災情,大安區,121.5339203,25.02197266
2024-04-03T08:18:40,民生、基礎設施災情,松山區,121.5546265,25.04916
2024-04-03T08:19:08,民生、基礎設施災情,中山區,121.5637817,25.03752327
2024-04-03T08:19:51,其他災情,南港區,121.5946503,25.05358315
2024-04-03T08:19:51,其他災情,南港區,121.5946503,25.05358315
2024-04-03T08:20:00,其他災情,大安區,121.5306702,25.02661896
2024-04-03T08:20:07,建物毀損,松山區,121.5485687,25.05280304
2024-04-03T08:20:24,民生、基礎設施災情,松山區,121.5605087,25.04663467
2024-04-03T08:20:34,民生、基礎設施災情,松山區,121.5742493,25.05333138
2024-04-03T08:20:59,建物毀損,文山區,121.5560303,24.98070145
2024-04-03T08:21:07,民生、基礎設施災情,大安區,121.5391922,25.03518295
2024-04-03T08:21:25,其他災情,中正區,121.5163956,25.0270195
2024-04-03T08:21:28,民生、基礎設施災情,萬華區,121.5077438,25.04501724
2024-04-03T08:21:33,民生、基礎設施災情,中山區,121.5235519,25.05314636
2024-04-03T08:21:44,民生、基礎設施災情,中山區,121.5390015,25.05605507
2024-04-03T08:21:59,民生、基礎設施災情,大安區,121.5426712,25.03171921
2024-04-03T08:21:59,建物毀損,中正區,121.5262985,25.04387283
2024-04-03T08:22:16,民生、基礎設施災情,中正區,121.5245056,25.02380371
2024-04-03T08:22:26,民生、基礎設施災情,內湖區,121.5779114,25.0763073
2024-04-03T08:22:26,民生、基礎設施災情,南港區,121.6004868,25.05384254
2024-04-03T08:22:33,建物毀損,信義區,121.5736618,25.04455566
2024-04-03T08:22:45,民生、基礎設施災情,中正區,121.5192795,25.02746582
2024-04-03T08:23:06,民生、基礎設施災情,中山區,121.5428619,25.0500164
2024-04-03T08:24:05,民生、基礎設施災情,信義區,121.5793762,25.03868294
2024-04-03T08:24:26,民生、基礎設施災情,大安區,121.5513535,25.02132797
2024-04-03T08:24:28,其他災情,松山區,121.5680389,25.0593605
2024-04-03T08:24:29,民生、基礎設施災情,中正區,121.5109863,25.02796173
2024-04-03T08:24:56,民生、基礎設施災情,南港區,121.5890045,25.04313469
2024-04-03T08:24:58,民生、基礎設施災情,中山區,121.5407562,25.06481743
2024-04-03T08:25:18,民生、基礎設施災情,松山區,121.54599,25.04713821
2024-04-03T08:25:37,民生、基礎設施災情,內湖區,121.5998917,25.08374405
2024-04-03T08:25:47,其他災情,大安區,121.5387344,25.03554726
2024-04-03T08:26:27,其他災情,南港區,121.6057816,25.0556221
2024-04-03T08:26:51,其他災情,文山區,121.5548935,24.97990227
2024-04-03T08:27:03,民生、基礎設施災情,大安區,121.5319977,25.02637291
2024-04-03T08:27:06,民生、基礎設施災情,萬華區,121.4955978,25.01662445
2024-04-03T08:27:14,民生、基礎設施災情,內湖區,121.6169739,25.06755638
2024-04-03T08:27:48,其他災情,士林區,121.5333023,25.11940575
2024-04-03T08:28:17,建物毀損,松山區,121.5480576,25.05225945
2024-04-03T08:28:27,其他災情,松山區,121.5680389,25.05937004
2024-04-03T08:28:33,建物毀損,大安區,121.529335,25.0245018
2024-04-03T08:28:59,其他災情,士林區,121.5292282,25.1193161
2024-04-03T08:28:59,其他災情,士林區,121.5292282,25.1193161
2024-04-03T08:29:06,民生、基礎設施災情,南港區,121.5801392,25.0508461
2024-04-03T08:29:34,民生、基礎設施災情,南港區,121.5937347,25.05118752
2024-04-03T08:29:39,建物毀損,南港區,121.6069336,25.05567932
2024-04-03T08:29:53,其他災情,中正區,121.5180893,25.02613831
2024-04-03T08:30:05,民生、基礎設施災情,南港區,121.6172028,25.03709221
2024-04-03T08:31:04,民生、基礎設施災情,南港區,121.6094284,25.03362274
2024-04-03T08:31:38,民生、基礎設施災情,文山區,121.5661011,24.9902401
2024-04-03T08:31:53,其他災情,松山區,121.5463409,25.04707909
2024-04-03T08:32:19,民生、基礎設施災情,信義區,121.5602341,25.02993393
2024-04-03T08:32:25,其他災情,中山區,121.5486298,25.08040047
2024-04-03T08:32:41,民生、基礎設施災情,南港區,121.5900803,25.05608749
2024-04-03T08:32:50,民生、基礎設施災情,信義區,121.5720825,25.04160309
2024-04-03T08:33:49,民生、基礎設施災情,南港區,121.6150894,25.04447937
2024-04-03T08:34:28,建物毀損,內湖區,121.6188507,25.069664
2024-04-03T08:34:42,民生、基礎設施災情,南港區,121.613739,25.04560089
2024-04-03T08:34:52,民生、基礎設施災情,松山區,121.5619431,25.05242729
2024-04-03T08:34:55,其他災情,中正區,121.5209503,25.031147
2024-04-03T08:34:57,民生、基礎設施災情,中山區,121.5373993,25.05586243
2024-04-03T08:35:12,民生、基礎設施災情,南港區,121.62323,25.03722572
2024-04-03T08:35:13,民生、基礎設施災情,文山區,121.5893784,24.98626137
2024-04-03T08:35:37,建物毀損,大安區,121.5543365,25.04202843
2024-04-03T08:35:39,民生、基礎設施災情,南港區,121.6064072,25.05550957
2024-04-03T08:36:52,建物毀損,中山區,121.532814,25.0523262
2024-04-03T08:37:04,其他災情,信義區,121.5668106,25.04653931
2024-04-03T08:37:09,民生、基礎設施災情,松山區,121.5468979,25.04631424
2024-04-03T08:37:47,民生、基礎設施災情,大同區,121.5185165,25.07191086
2024-04-03T08:38:10,民生、基礎設施災情,士林區,121.5087433,25.08830643
2024-04-03T08:38:28,民生、基礎設施災情,南港區,121.6053543,25.05788803
2024-04-03T08:39:04,民生、基礎設施災情,大安區,121.5521393,25.02218819
2024-04-03T08:39:19,建物毀損,中山區,121.5418243,25.0469265
2024-04-03T08:39:19,其他災情,松山區,121.5680389,25.0593605
2024-04-03T08:39:33,民生、基礎設施災情,北投區,121.5489197,25.14920235
2024-04-03T08:39:40,建物毀損,中正區,121.5157089,25.02592659
2024-04-03T08:39:44,民生、基礎設施災情,內湖區,121.6004944,25.07706261
2024-04-03T08:39:47,建物毀損,松山區,121.5651855,25.05319214
2024-04-03T08:40:06,民生、基礎設施災情,內湖區,121.6084518,25.07034111
2024-04-03T08:40:34,建物毀損,士林區,121.5297089,25.10610962
2024-04-03T08:40:45,民生、基礎設施災情,大安區,121.543541,25.02220154
2024-04-03T08:41:41,民生、基礎設施災情,松山區,121.5489578,25.05173874
2024-04-03T08:41:58,建物毀損,萬華區,121.5022354,25.03622627
2024-04-03T08:42:06,民生、基礎設施災情,大安區,121.5314026,25.03041649
2024-04-03T08:42:42,建物毀損,文山區,121.5570755,24.98929024
2024-04-03T08:42:48,其他災情,北投區,121.5225525,25.11488152
2024-04-03T08:43:03,建物毀損,中正區,121.5167465,25.02529716
2024-04-03T08:43:03,民生、基礎設施災情,中正區,121.5109787,25.04213905
2024-04-03T08:43:03,建物毀損,中正區,121.5202408,25.02766418
2024-04-03T08:43:03,民生、基礎設施災情,中正區,121.5260696,25.03997612
2024-04-03T08:43:03,建物毀損,中正區,121.5154877,25.02964783
2024-04-03T08:43:03,建物毀損,中正區,121.5248871,25.04589844
2024-04-03T08:43:03,建物毀損,中正區,121.5236816,25.03872871
2024-04-03T08:43:03,建物毀損,中正區,121.5118637,25.02894783
2024-04-03T08:43:03,建物毀損,中正區,121.5269852,25.03440475
2024-04-03T08:43:03,建物毀損,中正區,121.5134735,25.05123901
2024-04-03T08:43:03,民生、基礎設施災情,中正區,121.5508499,25.05434608
2024-04-03T08:43:03,建物毀損,中正區,121.5186157,25.0331707
2024-04-03T08:43:03,建物毀損,中正區,121.5216522,25.04529762
2024-04-03T08:43:03,建物毀損,中正區,121.5268326,25.04086876
2024-04-03T08:43:03,民生、基礎設施災情,中正區,121.5222168,25.03998756
2024-04-03T08:43:03,民生、基礎設施災情,中正區,121.52742,25.03969765
2024-04-03T08:43:03,建物毀損,中正區,121.5255508,25.04189301
2024-04-03T08:43:03,建物毀損,中正區,121.517395,25.03443336
2024-04-03T08:43:03,建物毀損,中正區,121.5140305,25.04275131
2024-04-03T08:43:03,民生、基礎設施災情,中正區,121.5055847,25.02881432
2024-04-03T08:43:03,建物毀損,中正區,121.5058975,25.02860069
2024-04-03T08:43:03,建物毀損,中正區,121.5159836,25.03315353
2024-04-03T08:43:03,建物毀損,中正區,121.5088654,25.025877
2024-04-03T08:43:03,建物毀損,中正區,121.5272141,25.02126884
2024-04-03T08:43:03,建物毀損,中正區,121.5172806,25.02704811
2024-04-03T08:43:03,建物毀損,中正區,121.5272141,25.02126884
2024-04-03T08:43:03,建物毀損,中正區,121.5282288,25.04334068
2024-04-03T08:43:03,建物毀損,中正區,121.5155258,25.02689171
2024-04-03T08:43:03,民生、基礎設施災情,中正區,121.5217514,25.02064705
2024-04-03T08:43:03,建物毀損,中正區,121.5157242,25.02597427
2024-04-03T08:43:03,建物毀損,中正區,121.5106964,25.04212761
2024-04-03T08:43:03,建物毀損,中正區,121.5063782,25.03212929
2024-04-03T08:43:03,建物毀損,中正區,121.5057831,25.02897263
2024-04-03T08:43:03,民生、基礎設施災情,中正區,121.510376,25.0454216
2024-04-03T08:43:03,建物毀損,中正區,121.5226059,25.04291344
2024-04-03T08:43:03,建物毀損,中正區,121.5105591,25.04624939
2024-04-03T08:43:03,民生、基礎設施災情,中正區,121.5263367,25.04168701
2024-04-03T08:43:03,其他災情,中正區,121.531105,25.03487396
2024-04-03T08:43:03,其他災情,中正區,121.5156708,25.02978134
2024-04-03T08:43:03,民生、基礎設施災情,中正區,121.528183,25.04335594
2024-04-03T08:43:19,民生、基礎設施災情,大安區,121.5509491,25.02048492
2024-04-03T08:43:25,民生、基礎設施災情,萬華區,121.4942932,25.02002907
2024-04-03T08:43:55,民生、基礎設施災情,信義區,121.5726471,25.04271889
2024-04-03T08:44:08,其他災情,松山區,121.5629578,25.05120468
2024-04-03T08:44:08,其他災情,內湖區,121.5843277,25.06439972
2024-04-03T08:44:48,建物毀損,大安區,121.5564575,25.04406738
2024-04-03T08:45:21,民生、基礎設施災情,內湖區,121.5756989,25.0829277
2024-04-03T08:45:34,民生、基礎設施災情,北投區,121.5216064,25.12359619
2024-04-03T08:46:17,民生、基礎設施災情,松山區,121.5496216,25.05200577
2024-04-03T08:46:34,其他災情,信義區,121.5659866,25.04097939
2024-04-03T08:46:40,建物毀損,文山區,121.544899,24.99874878
2024-04-03T08:47:36,民生、基礎設施災情,內湖區,121.5779877,25.07617569
2024-04-03T08:47:53,其他災情,大安區,121.5385056,25.0305748
2024-04-03T08:47:56,其他災情,大安區,121.5451126,25.03915405
2024-04-03T08:49:04,民生、基礎設施災情,萬華區,121.4952087,25.02156639
2024-04-03T08:49:04,建物毀損,萬華區,121.4925613,25.02192497
2024-04-03T08:49:04,民生、基礎設施災情,萬華區,121.4935608,25.02231598
2024-04-03T08:49:25,民生、基礎設施災情,中山區,121.5454559,25.07866478
2024-04-03T08:49:53,其他災情,北投區,121.5138702,25.11818504
2024-04-03T08:50:06,民生、基礎設施災情,大安區,121.5336075,25.0261898
2024-04-03T08:50:11,建物毀損,松山區,121.5771027,25.05023766
2024-04-03T08:50:11,民生、基礎設施災情,信義區,121.5696945,25.02352524
2024-04-03T08:50:11,建物毀損,松山區,121.5675278,25.05114555
2024-04-03T08:50:11,建物毀損,松山區,121.5644302,25.05862808
2024-04-03T08:50:18,民生、基礎設施災情,南港區,121.5922775,25.04933739
2024-04-03T08:50:34,其他災情,中山區,121.5268173,25.06481361
2024-04-03T08:51:40,民生、基礎設施災情,大安區,121.5301895,25.02605438
2024-04-03T08:52:24,土石災情,北投區,121.5463257,25.15354156
2024-04-03T08:52:26,建物毀損,松山區,121.5262909,25.00561142
2024-04-03T08:52:35,民生、基礎設施災情,松山區,121.5526276,25.04716492
2024-04-03T08:53:34,民生、基礎設施災情,松山區,121.5474014,25.04679108
2024-04-03T08:53:40,其他災情,松山區,121.5627899,25.04975891
2024-04-03T08:53:40,其他災情,松山區,121.5627899,25.04975891
2024-04-03T08:53:50,建物毀損,內湖區,121.6188431,25.06960487
2024-04-03T08:54:18,其他災情,松山區,121.5623016,25.05903625
2024-04-03T08:54:20,民生、基礎設施災情,大同區,121.5113907,25.06919479
2024-04-03T08:54:40,民生、基礎設施災情,文山區,121.5550079,24.99573135
2024-04-03T08:54:54,民生、基礎設施災情,信義區,121.5753479,25.04325294
2024-04-03T08:55:08,建物毀損,文山區,121.5439301,24.99919319
2024-04-03T08:55:08,民生、基礎設施災情,文山區,121.558548,24.98186684
2024-04-03T08:55:08,民生、基礎設施災情,文山區,121.5377579,24.99594879
2024-04-03T08:55:08,民生、基礎設施災情,文山區,121.5439301,24.99919319
2024-04-03T08:55:08,建物毀損,文山區,121.5686569,25.00193977
2024-04-03T08:55:08,建物毀損,文山區,121.5642471,24.98267555
2024-04-03T08:55:08,民生、基礎設施災情,文山區,121.5549698,24.99537086
2024-04-03T08:55:08,建物毀損,文山區,121.5409012,24.99193954
2024-04-03T08:55:08,民生、基礎設施災情,文山區,121.5630417,24.98144913
2024-04-03T08:55:08,建物毀損,文山區,121.5560303,24.98070145
2024-04-03T08:55:08,建物毀損,文山區,121.5406723,24.99209976
2024-04-03T08:55:08,其他災情,文山區,121.5673904,24.98110771
2024-04-03T08:55:08,民生、基礎設施災情,文山區,121.5576172,24.98773575
2024-04-03T08:55:08,建物毀損,文山區,121.5389023,24.992342
2024-04-03T08:55:08,建物毀損,文山區,121.5404739,24.99772644
2024-04-03T08:55:08,民生、基礎設施災情,文山區,121.5531845,24.98955727
2024-04-03T08:55:08,建物毀損,文山區,121.5595856,24.99040604
2024-04-03T08:55:08,其他災情,文山區,121.5615768,24.98428917
2024-04-03T08:55:08,民生、基礎設施災情,文山區,121.5646744,24.98513603
2024-04-03T08:55:08,建物毀損,文山區,121.5383911,24.99992752
2024-04-03T08:55:08,民生、基礎設施災情,文山區,121.5433044,24.99837112
2024-04-03T08:55:08,建物毀損,文山區,121.5349197,25.00658035
2024-04-03T08:55:08,民生、基礎設施災情,文山區,121.544693,25.00204849
2024-04-03T08:55:08,建物毀損,文山區,121.568367,24.9907608
2024-04-03T08:55:08,民生、基礎設施災情,文山區,121.5590897,24.98900604
2024-04-03T08:55:08,建物毀損,文山區,121.5542755,24.97992134
2024-04-03T08:55:08,其他災情,文山區,121.5498123,25.00424004
2024-04-03T08:55:08,民生、基礎設施災情,文山區,121.566597,24.98304176
2024-04-03T08:55:08,建物毀損,文山區,121.5615768,24.98428917
2024-04-03T08:55:08,建物毀損,文山區,121.5639114,24.98256683
2024-04-03T08:55:08,其他災情,文山區,121.5482712,24.98890305
2024-04-03T08:55:08,其他災情,文山區,121.5436859,24.998703
2024-04-03T08:55:08,建物毀損,文山區,121.562294,24.99197769
2024-04-03T08:55:08,民生、基礎設施災情,文山區,121.5684357,25.00258064
2024-04-03T08:55:08,建物毀損,文山區,121.5564651,24.97963715
2024-04-03T08:55:08,建物毀損,文山區,121.5640488,24.98574448
2024-04-03T08:55:08,建物毀損,文山區,121.5402069,24.99832726
2024-04-03T08:55:08,民生、基礎設施災情,文山區,121.5537262,24.98784828
2024-04-03T08:55:08,民生、基礎設施災情,文山區,121.545166,24.99504662
2024-04-03T08:55:08,民生、基礎設施災情,文山區,121.5560913,24.98027611
2024-04-03T08:55:08,建物毀損,文山區,121.5448685,24.99670792
2024-04-03T08:55:08,民生、基礎設施災情,文山區,121.5576172,24.98390007
2024-04-03T08:55:08,建物毀損,文山區,121.5604858,24.98424339
2024-04-03T08:55:08,民生、基礎設施災情,文山區,121.5371933,25.00465965
2024-04-03T08:55:08,建物毀損,文山區,121.5650558,24.98257446
2024-04-03T08:55:08,民生、基礎設施災情,文山區,121.5388031,25.00133324
2024-04-03T08:55:08,民生、基礎設施災情,文山區,121.5355453,25.00292397
2024-04-03T08:55:08,民生、基礎設施災情,文山區,121.5375824,25.00711823
2024-04-03T08:55:08,民生、基礎設施災情,文山區,121.5520782,24.98939323
2024-04-03T08:55:08,民生、基礎設施災情,文山區,121.5678711,25.00239372
2024-04-03T08:55:29,民生、基礎設施災情,松山區,121.5665207,25.04895592
2024-04-03T08:55:38,民生、基礎設施災情,松山區,121.5552826,25.04594421
2024-04-03T08:55:51,其他災情,中正區,121.5155029,25.02694893
2024-04-03T08:55:52,民生、基礎設施災情,中正區,121.5183105,25.02332878
2024-04-03T08:55:55,其他災情,內湖區,121.5679321,25.08499527
2024-04-03T08:56:05,民生、基礎設施災情,松山區,121.5550995,25.05161095
2024-04-03T08:56:06,其他災情,信義區,121.5714493,25.04545784
2024-04-03T08:57:10,其他災情,中山區,121.5307312,25.06613541
2024-04-03T08:57:27,民生、基礎設施災情,內湖區,121.5653915,25.07947731
2024-04-03T08:57:40,民生、基礎設施災情,內湖區,121.5792007,25.0818119
2024-04-03T08:57:50,其他災情,信義區,121.5777969,25.04943848
2024-04-03T08:57:50,其他災情,中正區,121.5223389,25.02684021
2024-04-03T08:58:32,民生、基礎設施災情,大安區,121.5637817,25.03752327
2024-04-03T08:58:44,民生、基礎設施災情,士林區,121.5202789,25.09794998
2024-04-03T08:59:08,民生、基礎設施災情,信義區,121.5682907,25.03284645
2024-04-03T08:59:45,建物毀損,松山區,121.5679092,25.0511055
2024-04-03T08:59:59,其他災情,文山區,121.5591049,24.98088074
2024-04-03T09:01:09,其他災情,大同區,121.5132904,25.05821419
2024-04-03T09:01:09,其他災情,大同區,121.5132904,25.05821419
2024-04-03T09:01:12,其他災情,大安區,121.5248032,25.03216553
2024-04-03T09:01:12,建物毀損,大安區,121.5539398,25.03934097
2024-04-03T09:01:15,其他災情,中山區,121.5520325,25.07946587
2024-04-03T09:01:15,其他災情,中山區,121.5520325,25.07946587
2024-04-03T09:01:30,民生、基礎設施災情,信義區,121.5739059,25.04466057
2024-04-03T09:01:38,民生、基礎設施災情,中山區,121.531395,25.05984306
2024-04-03T09:01:46,建物毀損,士林區,121.5105591,25.08013916
2024-04-03T09:01:46,民生、基礎設施災情,士林區,121.5107727,25.08018875
2024-04-03T09:02:16,民生、基礎設施災情,中山區,121.5554886,25.08489799
2024-04-03T09:02:35,民生、基礎設施災情,北投區,121.5219498,25.11291313
2024-04-03T09:02:48,建物毀損,文山區,121.5410233,24.99016571
2024-04-03T09:03:07,其他災情,中正區,121.5161514,25.04503632
2024-04-03T09:04:46,建物毀損,中正區,121.5269623,25.0343895
2024-04-03T09:05:46,民生、基礎設施災情,文山區,121.55867,24.98184395
2024-04-03T09:06:14,建物毀損,文山區,121.5691681,24.98852348
2024-04-03T09:06:14,建物毀損,文山區,121.5691681,24.98852348
2024-04-03T09:06:24,建物毀損,內湖區,121.6132202,25.06892776
2024-04-03T09:06:25,民生、基礎設施災情,中山區,121.5310364,25.05176163
2024-04-03T09:06:33,其他災情,文山區,121.5617447,24.98472404
2024-04-03T09:06:34,其他災情,內湖區,121.5595856,25.08512878
2024-04-03T09:06:55,民生、基礎設施災情,松山區,121.5638351,25.054142
2024-04-03T09:06:58,民生、基礎設施災情,松山區,121.5494537,25.05134583
2024-04-03T09:07:32,民生、基礎設施災情,內湖區,121.6160812,25.0689888
2024-04-03T09:07:32,建物毀損,內湖區,121.6188507,25.069664
2024-04-03T09:07:32,民生、基礎設施災情,內湖區,121.5860443,25.06798172
2024-04-03T09:07:32,民生、基礎設施災情,內湖區,121.624115,25.08094597
2024-04-03T09:07:32,民生、基礎設施災情,內湖區,121.5892029,25.06908417
2024-04-03T09:07:36,建物毀損,松山區,121.5651855,25.05319214
2024-04-03T09:07:46,民生、基礎設施災情,文山區,121.5443268,25.00204849
2024-04-03T09:08:08,建物毀損,松山區,121.5530167,25.05125046
2024-04-03T09:08:08,建物毀損,松山區,121.5647278,25.05871391
2024-04-03T09:08:08,建物毀損,松山區,121.5451889,25.06274986
2024-04-03T09:08:56,建物毀損,文山區,121.5613708,24.98498917
2024-04-03T09:09:24,民生、基礎設施災情,內湖區,121.6192398,25.07106018
2024-04-03T09:09:37,民生、基礎設施災情,中正區,121.5167084,25.02517319
2024-04-03T09:10:07,建物毀損,北投區,121.5101776,25.11914635
2024-04-03T09:10:11,民生、基礎設施災情,松山區,121.5644836,25.05871964
2024-04-03T09:10:12,民生、基礎設施災情,內湖區,121.5853271,25.05879593
2024-04-03T09:10:18,其他災情,中山區,121.5305939,25.06613922
2024-04-03T09:10:59,民生、基礎設施災情,萬華區,121.4952087,25.02156639
2024-04-03T09:11:17,建物毀損,大安區,121.552002,25.03744888
2024-04-03T09:12:04,民生、基礎設施災情,南港區,121.6065216,25.05592346
2024-04-03T09:12:06,其他災情,信義區,121.5635681,25.02916527
2024-04-03T09:12:19,建物毀損,文山區,121.5482559,24.999897
2024-04-03T09:12:19,民生、基礎設施災情,文山區,121.5560837,24.98036003
2024-04-03T09:12:19,民生、基礎設施災情,文山區,121.5536499,24.98214722
2024-04-03T09:12:19,建物毀損,文山區,121.5613708,24.98498917
2024-04-03T09:12:19,建物毀損,文山區,121.5663452,24.98327637
2024-04-03T09:12:19,建物毀損,文山區,121.5510483,24.98781776
2024-04-03T09:12:19,建物毀損,文山區,121.5400009,24.99994659
2024-04-03T09:12:19,民生、基礎設施災情,文山區,121.5684357,25.00258064
2024-04-03T09:12:19,建物毀損,文山區,121.5600586,24.99081612
2024-04-03T09:12:19,建物毀損,文山區,121.5384369,25.00393295
2024-04-03T09:12:35,民生、基礎設施災情,士林區,121.5637817,25.03752327
2024-04-03T09:12:38,民生、基礎設施災情,信義區,121.5748749,25.04327965
2024-04-03T09:12:43,建物毀損,信義區,121.579422,25.04518318
2024-04-03T09:12:43,建物毀損,信義區,121.5606766,25.03069687
2024-04-03T09:12:43,建物毀損,信義區,121.579567,25.04516792
2024-04-03T09:12:43,建物毀損,信義區,121.5608597,25.03035164
2024-04-03T09:12:43,建物毀損,信義區,121.5619507,25.04072189
2024-04-03T09:12:43,建物毀損,信義區,121.5600662,25.0295105
2024-04-03T09:12:43,建物毀損,信義區,121.5714798,25.04271317
2024-04-03T09:12:43,建物毀損,信義區,121.5713959,25.04546738
2024-04-03T09:12:43,建物毀損,信義區,121.5726166,25.04576302
2024-04-03T09:12:43,建物毀損,信義區,121.5617142,25.03035736
2024-04-03T09:12:43,建物毀損,信義區,121.5610199,25.03039742
2024-04-03T09:12:43,建物毀損,信義區,121.5722046,25.04362297
2024-04-03T09:12:43,建物毀損,信義區,121.5781097,25.0360508
2024-04-03T09:12:43,建物毀損,信義區,121.5719604,25.04585266
2024-04-03T09:13:22,其他災情,大安區,121.5313034,25.03045654
2024-04-03T09:13:32,民生、基礎設施災情,信義區,121.5590744,25.03577805
2024-04-03T09:13:33,民生、基礎設施災情,中正區,121.5126648,25.02437592
2024-04-03T09:13:37,民生、基礎設施災情,內湖區,121.6151962,25.07203293
2024-04-03T09:14:06,民生、基礎設施災情,中山區,121.5622711,25.07868958
2024-04-03T09:14:18,其他災情,內湖區,121.6120834,25.07283592
2024-04-03T09:14:23,建物毀損,中山區,121.533165,25.04638863
2024-04-03T09:14:23,建物毀損,中山區,121.5394287,25.06127357
2024-04-03T09:14:23,建物毀損,中山區,121.5442352,25.05704498
2024-04-03T09:14:23,民生、基礎設施災情,中山區,121.5508575,25.08158493
2024-04-03T09:14:23,民生、基礎設施災情,中山區,121.529892,25.06046295
2024-04-03T09:14:23,民生、基礎設施災情,中山區,121.5224533,25.05766678
2024-04-03T09:14:23,建物毀損,中山區,121.5299072,25.060709
2024-04-03T09:14:23,建物毀損,中山區,121.533165,25.04638863
2024-04-03T09:14:23,建物毀損,中山區,121.5430679,25.0562439
2024-04-03T09:14:23,民生、基礎設施災情,中山區,121.5224152,25.05766487
2024-04-03T09:14:23,建物毀損,中山區,121.5256042,25.04880142
2024-04-03T09:14:23,建物毀損,中山區,121.5269623,25.06364059
2024-04-03T09:15:26,建物毀損,中山區,121.5384445,25.0530014
2024-04-03T09:15:46,建物毀損,士林區,121.5106201,25.0817337
2024-04-03T09:15:50,民生、基礎設施災情,大安區,121.5320816,25.02771187
2024-04-03T09:15:58,民生、基礎設施災情,文山區,121.5426331,25.00558662
2024-04-03T09:16:00,建物毀損,內湖區,121.5894547,25.08190918
2024-04-03T09:16:02,民生、基礎設施災情,信義區,121.5602341,25.02993393
2024-04-03T09:17:30,建物毀損,大安區,121.5442734,25.02497292
2024-04-03T09:17:43,民生、基礎設施災情,大安區,121.5250549,25.02453423
2024-04-03T09:17:56,民生、基礎設施災情,中山區,121.5319672,25.06082726
2024-04-03T09:18:21,其他災情,大安區,121.5365906,25.03760338
2024-04-03T09:19:27,建物毀損,松山區,121.5442734,25.04862595
2024-04-03T09:19:40,建物毀損,松山區,121.5657043,25.0510025
2024-04-03T09:19:45,建物毀損,萬華區,121.4997101,25.03676605
2024-04-03T09:19:46,建物毀損,南港區,121.5813141,25.04882622
2024-04-03T09:19:55,建物毀損,松山區,121.5446243,25.05330276
2024-04-03T09:19:56,其他災情,大安區,121.5442505,25.02057266
2024-04-03T09:20:00,其他災情,內湖區,121.6184998,25.06971741
2024-04-03T09:20:04,其他災情,松山區,121.5455246,25.01803207
2024-04-03T09:20:10,建物毀損,松山區,121.5539398,25.05142784
2024-04-03T09:20:18,建物毀損,松山區,121.5340881,25.00938034
2024-04-03T09:20:29,建物毀損,松山區,121.5496674,25.0584259
2024-04-03T09:20:32,其他災情,南港區,121.5865021,25.0477314
2024-04-03T09:20:35,建物毀損,萬華區,121.4954147,25.03522682
2024-04-03T09:20:38,建物毀損,松山區,121.5448456,25.05355072
2024-04-03T09:20:40,民生、基礎設施災情,中正區,121.5211639,25.03112984
2024-04-03T09:20:46,建物毀損,松山區,121.5498657,25.04790878
2024-04-03T09:20:54,建物毀損,松山區,121.5498657,25.04790878
2024-04-03T09:21:03,建物毀損,萬華區,121.5007019,25.03658104
2024-04-03T09:21:13,建物毀損,萬華區,121.5074921,25.04193115
2024-04-03T09:21:19,建物毀損,大安區,121.5293732,25.02452469
2024-04-03T09:21:38,其他災情,大同區,121.5176926,25.04912758
2024-04-03T09:21:43,民生、基礎設施災情,文山區,121.5377426,25.00501442
2024-04-03T09:22:17,其他災情,中山區,121.5433807,25.05402756
2024-04-03T09:22:31,其他災情,松山區,121.5700302,25.05101585
2024-04-03T09:23:19,建物毀損,文山區,121.5570755,24.98929024
2024-04-03T09:23:25,其他災情,南港區,121.6004868,25.05384254
2024-04-03T09:24:11,建物毀損,萬華區,121.5000305,25.03866005
2024-04-03T09:24:33,建物毀損,內湖區,121.5925522,25.08166504
2024-04-03T09:25:23,其他災情,大安區,121.5484009,25.03232384
2024-04-03T09:25:36,其他災情,大安區,121.5573502,25.03740501
2024-04-03T09:26:00,民生、基礎設施災情,南港區,121.5921555,25.05907249
2024-04-03T09:26:34,其他災情,文山區,121.5591049,24.98088074
2024-04-03T09:27:11,其他災情,大安區,121.532608,25.02709961
2024-04-03T09:27:15,民生、基礎設施災情,信義區,121.5741119,25.04294777
2024-04-03T09:27:49,建物毀損,信義區,121.5814819,25.04241943
2024-04-03T09:27:52,其他災情,中山區,121.3850784,25.04003906
2024-04-03T09:27:53,民生、基礎設施災情,大安區,121.550705,25.01762772
2024-04-03T09:27:53,建物毀損,大安區,121.5566254,25.0201664
2024-04-03T09:28:24,其他災情,松山區,121.5718613,25.05049324
2024-04-03T09:28:30,其他災情,信義區,121.5582733,25.03283119
2024-04-03T09:30:09,建物毀損,內湖區,121.6193237,25.07112312
2024-04-03T09:30:09,民生、基礎設施災情,南港區,121.5860138,25.03888321
2024-04-03T09:30:09,民生、基礎設施災情,南港區,121.615181,25.05311775
2024-04-03T09:30:49,建物毀損,信義區,121.5814743,25.04243088
2024-04-03T09:31:05,民生、基礎設施災情,文山區,121.5615387,24.98199844
2024-04-03T09:31:13,民生、基礎設施災情,中山區,121.5405045,25.0478611
2024-04-03T09:31:27,民生、基礎設施災情,松山區,121.5489578,25.05173874
2024-04-03T09:31:58,建物毀損,信義區,121.5783157,25.0428257
2024-04-03T09:32:21,建物毀損,信義區,121.5628891,25.04430008
2024-04-03T09:33:31,民生、基礎設施災情,中正區,121.5192566,25.04598427
2024-04-03T09:33:53,建物毀損,中正區,121.5213852,25.02416992
2024-04-03T09:34:08,民生、基礎設施災情,中正區,121.5192566,25.04598427
2024-04-03T09:34:35,建物毀損,士林區,121.5245438,25.10893631
2024-04-03T09:34:40,民生、基礎設施災情,大安區,121.5567398,25.01839256
2024-04-03T09:34:55,其他災情,文山區,121.5743408,24.99250412
2024-04-03T09:34:56,民生、基礎設施災情,大安區,121.5479202,25.03747368
2024-04-03T09:35:12,建物毀損,信義區,121.5617294,25.0370121
2024-04-03T09:35:49,民生、基礎設施災情,文山區,121.5367355,25.00968933
2024-04-03T09:35:52,民生、基礎設施災情,松山區,121.5637817,25.03752327
2024-04-03T09:36:31,民生、基礎設施災情,大安區,121.5476532,25.04094887
2024-04-03T09:36:46,建物毀損,南港區,121.5834885,25.04476738
2024-04-03T09:37:11,其他災情,內湖區,121.5910568,25.08833694
2024-04-03T09:37:40,其他災情,中正區,121.5286789,25.03874969
2024-04-03T09:38:20,建物毀損,萬華區,121.4954147,25.03522682
2024-04-03T09:38:27,民生、基礎設施災情,北投區,121.5123291,25.10037613
2024-04-03T09:38:56,民生、基礎設施災情,中山區,121.5296097,25.05099678
2024-04-03T09:39:02,其他災情,大安區,121.5438843,25.03720856
2024-04-03T09:39:10,民生、基礎設施災情,信義區,121.587059,25.03955841
2024-04-03T09:40:41,民生、基礎設施災情,信義區,121.5637817,25.03752327
2024-04-03T09:40:53,民生、基礎設施災情,文山區,121.5615387,24.98199844
2024-04-03T09:41:02,建物毀損,松山區,121.5509186,25.05773354
2024-04-03T09:41:06,建物毀損,中山區,121.5431137,25.04837036
2024-04-03T09:41:47,其他災情,北投區,121.5333328,25.17264175
2024-04-03T09:42:09,建物毀損,萬華區,121.4954147,25.03522682
2024-04-03T09:42:18,建物毀損,萬華區,121.4939651,25.03617477
2024-04-03T09:42:26,民生、基礎設施災情,大同區,121.5152206,25.06035995
2024-04-03T09:42:32,建物毀損,松山區,121.5589905,25.04872322
2024-04-03T09:42:37,其他災情,中正區,121.5212326,25.03103256
2024-04-03T09:42:38,民生、基礎設施災情,萬華區,121.4944,25.03738403
2024-04-03T09:42:47,建物毀損,松山區,121.5692062,25.05153084
2024-04-03T09:42:53,民生、基礎設施災情,大同區,121.5151367,25.06071854
2024-04-03T09:43:13,建物毀損,中山區,121.548233,25.08461952
2024-04-03T09:43:23,其他災情,南港區,121.5863953,25.04767609
2024-04-03T09:43:24,建物毀損,信義區,121.5606537,25.03724289
2024-04-03T09:43:24,建物毀損,信義區,121.5381775,25.04176712
2024-04-03T09:43:24,建物毀損,信義區,121.5702972,25.0483017
2024-04-03T09:43:24,民生、基礎設施災情,信義區,121.574379,25.04149628
2024-04-03T09:43:24,建物毀損,信義區,121.5755768,25.04536438
2024-04-03T09:43:24,建物毀損,信義區,121.5740585,25.04110527
2024-04-03T09:43:24,建物毀損,信義區,121.5608368,25.03558731
2024-04-03T09:43:24,民生、基礎設施災情,信義區,121.5720749,25.04150009
2024-04-03T09:43:24,民生、基礎設施災情,信義區,121.5780258,25.0412941
2024-04-03T09:43:24,民生、基礎設施災情,信義區,121.5608673,25.03687477
2024-04-03T09:43:24,建物毀損,信義區,121.5745392,25.0363121
2024-04-03T09:43:24,建物毀損,信義區,121.5577164,25.0367527
2024-04-03T09:43:24,建物毀損,信義區,121.5617905,25.04007721
2024-04-03T09:43:24,民生、基礎設施災情,信義區,121.5753479,25.04299927
2024-04-03T09:43:24,建物毀損,信義區,121.5655441,25.04074287
2024-04-03T09:43:24,民生、基礎設施災情,信義區,121.5702209,25.04587555
2024-04-03T09:43:24,建物毀損,信義區,121.5768204,25.04494667
2024-04-03T09:43:30,其他災情,中正區,121.5223389,25.02684021
2024-04-03T09:43:37,建物毀損,大安區,121.5539398,25.03934097
2024-04-03T09:43:49,民生、基礎設施災情,士林區,121.5168381,25.09607124
2024-04-03T09:44:22,民生、基礎設施災情,中山區,121.5284882,25.05747032
2024-04-03T09:44:47,建物毀損,松山區,121.5645294,25.05817795
2024-04-03T09:45:33,建物毀損,松山區,121.5457993,25.05906868
2024-04-03T09:45:43,建物毀損,中正區,121.5057831,25.02898216
2024-04-03T09:45:56,建物毀損,萬華區,121.5039902,25.04523277
2024-04-03T09:45:56,建物毀損,萬華區,121.5018082,25.04361916
2024-04-03T09:45:56,建物毀損,萬華區,121.5072403,25.04793167
2024-04-03T09:45:56,建物毀損,萬華區,121.5033951,25.04026985
2024-04-03T09:45:56,建物毀損,萬華區,121.5033951,25.04351997
2024-04-03T09:45:57,民生、基礎設施災情,信義區,121.5682907,25.03284645
2024-04-03T09:46:17,民生、基礎設施災情,大安區,121.5533371,25.0412159
2024-04-03T09:47:01,民生、基礎設施災情,松山區,121.5635529,25.05741501
2024-04-03T09:47:48,建物毀損,信義區,121.5606842,25.03546143
2024-04-03T09:48:25,民生、基礎設施災情,信義區,121.5706863,25.04341125
2024-04-03T09:48:40,建物毀損,萬華區,121.4956741,25.04504585
2024-04-03T09:48:57,建物毀損,萬華區,121.4982224,25.02128983
2024-04-03T09:49:01,民生、基礎設施災情,北投區,121.5446777,25.15146637
2024-04-03T09:49:09,建物毀損,萬華區,121.4955139,25.03520966
2024-04-03T09:49:16,民生、基礎設施災情,松山區,121.5635529,25.05741501
2024-04-03T09:49:16,其他災情,南港區,121.580368,25.05196381
2024-04-03T09:49:32,建物毀損,信義區,121.5612335,25.03147125
2024-04-03T09:49:34,民生、基礎設施災情,中山區,121.535408,25.06741142
2024-04-03T09:49:34,民生、基礎設施災情,中山區,121.5232315,25.05306625
2024-04-03T09:49:34,建物毀損,中山區,121.5270844,25.05526924
2024-04-03T09:49:34,建物毀損,中山區,121.5321655,25.05224609
2024-04-03T09:49:34,建物毀損,中山區,121.526123,25.04994965
2024-04-03T09:49:34,建物毀損,中山區,121.5375824,25.06163025
2024-04-03T09:49:34,建物毀損,中山區,121.5476608,25.08426094
2024-04-03T09:49:34,建物毀損,中山區,121.534111,25.04831123
2024-04-03T09:49:34,建物毀損,中山區,121.5331879,25.04649925
2024-04-03T09:49:34,建物毀損,中山區,121.5325851,25.05795479
2024-04-03T09:49:34,民生、基礎設施災情,中山區,121.5291519,25.04725266
2024-04-03T09:49:34,建物毀損,中山區,121.5328522,25.05372047
2024-04-03T09:49:34,建物毀損,中山區,121.5542297,25.08584023
2024-04-03T09:49:34,建物毀損,中山區,121.5392761,25.04888916
2024-04-03T09:49:34,建物毀損,中山區,121.5303421,25.05783272
2024-04-03T09:49:38,其他災情,大安區,121.5336761,25.02598381
2024-04-03T09:49:43,建物毀損,士林區,121.5311813,25.12005424
2024-04-03T09:49:51,建物毀損,松山區,121.5541611,25.0514164
2024-04-03T09:49:59,民生、基礎設施災情,大同區,121.5188522,25.07387543
2024-04-03T09:51:03,建物毀損,大安區,121.5292511,25.02453041
2024-04-03T09:51:11,其他災情,文山區,121.5616455,24.98423195
2024-04-03T09:51:26,民生、基礎設施災情,大安區,121.5532303,25.02599144
2024-04-03T09:51:35,民生、基礎設施災情,信義區,121.574791,25.0429306
2024-04-03T09:51:52,其他災情,松山區,121.5769272,25.05132484
2024-04-03T09:51:54,民生、基礎設施災情,大安區,121.5239258,25.03443909
2024-04-03T09:51:55,民生、基礎設施災情,大安區,121.5306396,25.02228546
2024-04-03T09:53:32,建物毀損,南港區,121.5892334,25.04760933
2024-04-03T09:54:15,其他災情,大安區,121.5248032,25.03216553
2024-04-03T09:54:24,建物毀損,松山區,121.5535355,25.05185127
2024-04-03T09:54:24,建物毀損,松山區,121.5441818,25.04740334
2024-04-03T09:54:24,建物毀損,松山區,121.5581741,25.04587936
2024-04-03T09:54:24,民生、基礎設施災情,松山區,121.5551605,25.04944038
2024-04-03T09:54:24,建物毀損,松山區,121.5618973,25.05175781
2024-04-03T09:54:24,建物毀損,松山區,121.5575714,25.05136299
2024-04-03T09:54:24,民生、基礎設施災情,松山區,121.5507736,25.04631233
2024-04-03T09:54:24,建物毀損,松山區,121.5539398,25.05142784
2024-04-03T09:54:24,建物毀損,松山區,121.5520172,25.05810356
2024-04-03T09:54:24,民生、基礎設施災情,松山區,121.5544662,25.04933739
2024-04-03T09:54:24,民生、基礎設施災情,松山區,121.5678329,25.05358505
2024-04-03T09:54:24,建物毀損,松山區,121.5623627,25.05127335
2024-04-03T09:54:24,建物毀損,松山區,121.5873871,25.06088638
2024-04-03T09:54:24,建物毀損,松山區,121.56147,25.05978394
2024-04-03T09:54:24,建物毀損,松山區,121.5551758,25.05181503
2024-04-03T09:54:24,民生、基礎設施災情,松山區,121.5562363,25.04688072
2024-04-03T09:54:24,建物毀損,松山區,121.5579224,25.05189323
2024-04-03T09:54:24,建物毀損,松山區,121.5454178,25.04777527
2024-04-03T09:54:24,建物毀損,松山區,121.5460815,25.04787827
2024-04-03T09:54:24,建物毀損,松山區,121.55439,25.05182457
2024-04-03T09:54:24,其他災情,松山區,121.5492783,25.04702377
2024-04-03T09:54:24,建物毀損,松山區,121.5617065,25.06072617
2024-04-03T09:54:24,民生、基礎設施災情,松山區,121.5460815,25.04787827
2024-04-03T09:54:24,建物毀損,松山區,121.5627441,25.05125618
2024-04-03T09:55:36,其他災情,大安區,121.5294266,25.02629089
2024-04-03T09:56:08,民生、基礎設施災情,萬華區,121.5068512,25.03864479
2024-04-03T09:56:27,其他災情,內湖區,121.5799484,25.05408096
2024-04-03T09:58:24,民生、基礎設施災情,萬華區,121.4955368,25.01339531
2024-04-03T09:58:31,民生、基礎設施災情,內湖區,121.5894089,25.06875801
2024-04-03T09:59:04,建物毀損,萬華區,121.5018082,25.04361916
2024-04-03T09:59:33,建物毀損,士林區,121.5098801,25.08541489
2024-04-03T09:59:34,建物毀損,松山區,121.5755157,25.05063057
2024-04-03T09:59:49,建物毀損,萬華區,121.4959793,25.03517532
2024-04-03T10:00:03,建物毀損,松山區,121.5692139,25.05150986
2024-04-03T10:00:14,建物毀損,信義區,121.5770416,25.04468155
2024-04-03T10:00:14,建物毀損,信義區,121.5760422,25.04463768
2024-04-03T10:00:14,建物毀損,信義區,121.5608368,25.03050995
2024-04-03T10:00:14,建物毀損,信義區,121.5641174,25.03570557
2024-04-03T10:00:14,建物毀損,信義區,121.5694275,25.02843285
2024-04-03T10:00:14,建物毀損,信義區,121.5776062,25.041399
2024-04-03T10:00:14,建物毀損,信義區,121.5764389,25.03905296
2024-04-03T10:00:14,建物毀損,信義區,121.5740433,25.04349327
2024-04-03T10:00:14,民生、基礎設施災情,信義區,121.5770111,25.04500961
2024-04-03T10:00:41,其他災情,大同區,121.513588,25.06466866
2024-04-03T10:01:42,建物毀損,南港區,121.5637817,25.03752327
2024-04-03T10:01:59,民生、基礎設施災情,信義區,121.5604935,25.02923012
2024-04-03T10:01:59,建物毀損,信義區,121.5782776,25.03797913
2024-04-03T10:02:59,其他災情,中正區,121.5129852,25.02475548
2024-04-03T10:03:14,其他災情,大安區,121.5572739,25.03178406
2024-04-03T10:03:35,民生、基礎設施災情,信義區,121.58004,25.04404831
2024-04-03T10:03:52,其他災情,松山區,121.5563507,25.05593491
2024-04-03T10:04:15,民生、基礎設施災情,萬華區,121.4985886,25.03608704
2024-04-03T10:04:41,建物毀損,內湖區,121.6129684,25.07040215
2024-04-03T10:04:48,建物毀損,松山區,121.5543289,25.05183792
2024-04-03T10:04:55,建物毀損,松山區,121.5548859,25.0532093
2024-04-03T10:05:02,建物毀損,松山區,121.5746918,25.05054092
2024-04-03T10:05:22,民生、基礎設施災情,大安區,121.5548706,25.02850914
2024-04-03T10:06:09,建物毀損,北投區,121.5191574,25.1159153
2024-04-03T10:06:12,建物毀損,北投區,121.4979782,25.14076805
2024-04-03T10:06:50,民生、基礎設施災情,中山區,121.5359344,25.05811501
2024-04-03T10:07:10,建物毀損,信義區,121.5808945,25.04088783
2024-04-03T10:07:28,其他災情,南港區,121.6178131,25.04330063
2024-04-03T10:07:37,建物毀損,松山區,121.5565872,25.0518055
2024-04-03T10:07:46,建物毀損,松山區,121.5551758,25.05181503
2024-04-03T10:07:56,民生、基礎設施災情,信義區,121.5686951,25.03596306
2024-04-03T10:08:11,建物毀損,大安區,121.5554886,25.04269409
2024-04-03T10:09:08,民生、基礎設施災情,文山區,121.5709839,24.98742294
2024-04-03T10:09:09,其他災情,大安區,121.5471954,25.02451515
2024-04-03T10:10:07,民生、基礎設施災情,萬華區,121.4982758,25.03610802
2024-04-03T10:10:09,其他災情,萬華區,121.5047073,25.04396629
2024-04-03T10:11:04,民生、基礎設施災情,大安區,121.5310898,25.02425194
2024-04-03T10:11:44,民生、基礎設施災情,松山區,121.5475311,25.04658318
2024-04-03T10:13:21,民生、基礎設施災情,文山區,121.551384,25.00329781
2024-04-03T10:13:42,民生、基礎設施災情,大安區,121.536232,25.04409218
2024-04-03T10:13:43,建物毀損,萬華區,121.5040054,25.04530907
2024-04-03T10:15:06,建物毀損,士林區,121.5172729,25.08380699
2024-04-03T10:15:23,建物毀損,信義區,121.5814819,25.04241943
2024-04-03T10:15:28,建物毀損,萬華區,121.4988174,25.03415108
2024-04-03T10:15:37,其他災情,大安區,121.5466843,25.0273304
2024-04-03T10:16:42,其他災情,大安區,121.532608,25.02709961
2024-04-03T10:17:27,建物毀損,南港區,121.6195374,25.05508804
2024-04-03T10:17:29,其他災情,信義區,121.5672531,25.04191589
2024-04-03T10:17:29,建物毀損,信義區,121.5803833,25.04521751
2024-04-03T10:17:29,建物毀損,信義區,121.5611496,25.03232193
2024-04-03T10:17:29,民生、基礎設施災情,信義區,121.5691223,25.02368736
2024-04-03T10:17:29,民生、基礎設施災情,信義區,121.5734863,25.04215431
2024-04-03T10:17:29,民生、基礎設施災情,信義區,121.5862045,25.03973007
2024-04-03T10:17:29,建物毀損,信義區,121.5617905,25.04007721
2024-04-03T10:17:29,其他災情,信義區,121.5673904,25.04133224
2024-04-03T10:17:29,建物毀損,信義區,121.5606537,25.03724289
2024-04-03T10:17:29,建物毀損,信義區,121.5783386,25.04196548
2024-04-03T10:17:29,建物毀損,信義區,121.5617676,25.02992821
2024-04-03T10:17:33,建物毀損,文山區,121.5597153,24.98425865
2024-04-03T10:17:37,建物毀損,士林區,121.5097961,25.08537865
2024-04-03T10:17:42,民生、基礎設施災情,內湖區,121.579483,25.0751915
2024-04-03T10:17:54,建物毀損,信義區,121.5600662,25.03425598
2024-04-03T10:18:02,其他災情,中山區,121.521019,25.04918861
2024-04-03T10:18:10,建物毀損,中正區,121.5055847,25.02881432
2024-04-03T10:18:11,建物毀損,南港區,121.5947495,25.05684662
2024-04-03T10:18:48,民生、基礎設施災情,中正區,121.5110016,25.04215431
2024-04-03T10:18:54,民生、基礎設施災情,信義區,121.5604935,25.02923012
2024-04-03T10:18:54,建物毀損,信義區,121.5776062,25.041399
2024-04-03T10:18:54,建物毀損,信義區,121.5719604,25.04585266
2024-04-03T10:18:54,建物毀損,信義區,121.5782776,25.03797913
2024-04-03T10:18:54,民生、基礎設施災情,信義區,121.5752792,25.0413208
2024-04-03T10:18:54,建物毀損,信義區,121.5617828,25.04099274
2024-04-03T10:18:54,建物毀損,信義區,121.5740433,25.04349327
2024-04-03T10:18:54,建物毀損,信義區,121.5781097,25.0360508
2024-04-03T10:19:19,民生、基礎設施災情,中山區,121.5622711,25.07868958
2024-04-03T10:19:32,建物毀損,中正區,121.5121765,25.03120995
2024-04-03T10:20:17,民生、基礎設施災情,信義區,121.5785828,25.04335022
2024-04-03T10:20:42,建物毀損,信義區,121.5787048,25.03603363
2024-04-03T10:20:48,民生、基礎設施災情,松山區,121.5489578,25.05173874
2024-04-03T10:21:30,建物毀損,大安區,121.5328751,25.03500938
2024-04-03T10:21:46,民生、基礎設施災情,信義區,121.575264,25.04131699
2024-04-03T10:21:55,建物毀損,南港區,121.6066284,25.05472183
2024-04-03T10:22:15,建物毀損,信義區,121.573349,25.04191017
2024-04-03T10:22:23,建物毀損,士林區,121.5204391,25.0901165
2024-04-03T10:22:54,民生、基礎設施災情,信義區,121.5758743,25.04208755
2024-04-03T10:23:07,建物毀損,內湖區,121.6128616,25.068964
2024-04-03T10:23:14,民生、基礎設施災情,萬華區,121.4976349,25.03864861
2024-04-03T10:23:22,建物毀損,大安區,121.5500412,25.0417099
2024-04-03T10:23:22,建物毀損,松山區,121.5562057,25.04804993
2024-04-03T10:23:47,建物毀損,中山區,121.5315247,25.05403519
2024-04-03T10:23:47,建物毀損,中山區,121.5302887,25.0565834
2024-04-03T10:24:04,建物毀損,萬華區,121.5054092,25.04506302
2024-04-03T10:24:42,建物毀損,松山區,121.5460434,25.04795647
2024-04-03T10:25:15,民生、基礎設施災情,大安區,121.5572739,25.03801727
2024-04-03T10:26:09,建物毀損,文山區,121.5698624,24.9899044
2024-04-03T10:26:35,民生、基礎設施災情,南港區,121.5637817,25.03752327
2024-04-03T10:26:48,土石災情,文山區,121.5615692,25.00659943
2024-04-03T10:26:55,民生、基礎設施災情,大安區,121.529892,25.01937866
2024-04-03T10:30:06,建物毀損,大安區,121.5507813,25.02461243
2024-04-03T10:30:53,民生、基礎設施災情,信義區,121.5785751,25.04736328
2024-04-03T10:31:29,民生、基礎設施災情,信義區,121.5673599,25.03163338
2024-04-03T10:31:46,建物毀損,中正區,121.529953,25.0420475
2024-04-03T10:33:04,其他災情,大安區,121.5536118,25.04165459
2024-04-03T10:34:51,民生、基礎設施災情,南港區,121.6150894,25.043787
2024-04-03T10:34:51,民生、基礎設施災情,信義區,121.5646057,25.03352356
2024-04-03T10:35:41,民生、基礎設施災情,內湖區,121.5918961,25.08230209
2024-04-03T10:35:53,民生、基礎設施災情,大安區,121.5512848,25.02693367
2024-04-03T10:36:05,民生、基礎設施災情,南港區,121.6150894,25.043787
2024-04-03T10:36:27,民生、基礎設施災情,大安區,121.5412674,25.02344131
2024-04-03T10:36:35,民生、基礎設施災情,松山區,121.5637665,25.05751038
2024-04-03T10:36:37,建物毀損,松山區,121.5571594,25.0513382
2024-04-03T10:36:57,民生、基礎設施災情,大安區,121.5251083,25.02706146
2024-04-03T10:36:59,建物毀損,松山區,121.5630035,25.05947113
2024-04-03T10:37:27,民生、基礎設施災情,萬華區,121.5065231,25.04890442
2024-04-03T10:37:50,民生、基礎設施災情,信義區,121.5776062,25.04255676
2024-04-03T10:39:42,建物毀損,南港區,121.6058197,25.05636215
2024-04-03T10:39:57,民生、基礎設施災情,信義區,121.5605392,25.03066063
2024-04-03T10:40:22,建物毀損,信義區,121.5781784,25.03631783
2024-04-03T10:40:48,建物毀損,松山區,121.5580292,25.0456562
2024-04-03T10:40:58,建物毀損,信義區,121.5769196,25.04011726
2024-04-03T10:41:07,民生、基礎設施災情,中正區,121.5259476,25.04339409
2024-04-03T10:41:26,建物毀損,萬華區,121.4967957,25.02392578
2024-04-03T10:41:35,民生、基礎設施災情,松山區,121.5599823,25.04830933
2024-04-03T10:41:45,建物毀損,中正區,121.5244217,25.04413795
2024-04-03T10:41:47,建物毀損,松山區,121.5575714,25.05136299
2024-04-03T10:41:55,建物毀損,中正區,121.5269852,25.03440475
2024-04-03T10:41:55,建物毀損,松山區,121.5575714,25.05136299
2024-04-03T10:41:58,民生、基礎設施災情,萬華區,121.4982529,25.03146362
2024-04-03T10:42:02,建物毀損,萬華區,121.5003204,25.03099442
2024-04-03T10:42:03,建物毀損,中正區,121.5248871,25.04589844
2024-04-03T10:42:13,民生、基礎設施災情,信義區,121.5734863,25.04215431
2024-04-03T10:42:13,建物毀損,中正區,121.531517,25.04070663
2024-04-03T10:42:15,民生、基礎設施災情,中山區,121.556694,25.08000755
2024-04-03T10:42:20,建物毀損,南港區,121.6067047,25.05728722
2024-04-03T10:42:26,民生、基礎設施災情,中山區,121.5408478,25.04821587
2024-04-03T10:43:35,民生、基礎設施災情,大同區,121.5127335,25.06276703
2024-04-03T10:43:41,民生、基礎設施災情,大安區,121.5321732,25.02649689
2024-04-03T10:44:04,民生、基礎設施災情,大同區,121.5174179,25.07154274
2024-04-03T10:44:08,民生、基礎設施災情,信義區,121.5753479,25.04299927
2024-04-03T10:44:22,建物毀損,松山區,121.5461502,25.05200005
2024-04-03T10:44:47,建物毀損,信義區,121.5764008,25.04010391
2024-04-03T10:44:51,民生、基礎設施災情,文山區,121.5692825,24.9852829
2024-04-03T10:45:01,建物毀損,信義區,121.5694275,25.02843285
2024-04-03T10:45:13,建物毀損,中正區,121.5255508,25.04189301
2024-04-03T10:45:49,建物毀損,信義區,121.5769424,25.04014587
2024-04-03T10:45:49,建物毀損,信義區,121.5585861,25.03730774
2024-04-03T10:45:49,建物毀損,信義區,121.5577774,25.03610992
2024-04-03T10:45:49,建物毀損,信義區,121.5577087,25.03527069
2024-04-03T10:45:49,建物毀損,信義區,121.5779343,25.03623009
2024-04-03T10:45:49,建物毀損,信義區,121.5701523,25.02134323
2024-04-03T10:46:14,建物毀損,大同區,121.5155106,25.06618118
2024-04-03T10:46:42,建物毀損,松山區,121.562027,25.05588913
2024-04-03T10:48:09,民生、基礎設施災情,萬華區,121.4927826,25.02056694
2024-04-03T10:48:09,建物毀損,萬華區,121.5025787,25.02990913
2024-04-03T10:48:09,民生、基礎設施災情,萬華區,121.4954453,25.024786
2024-04-03T10:48:11,建物毀損,信義區,121.5769424,25.04014587
2024-04-03T10:50:22,民生、基礎設施災情,士林區,121.5093689,25.08198166
2024-04-03T10:53:58,民生、基礎設施災情,內湖區,121.5792007,25.0818119
2024-04-03T10:54:51,建物毀損,大安區,121.5480728,25.04133415
2024-04-03T10:55:57,民生、基礎設施災情,中正區,121.5252075,25.02132225
2024-04-03T10:57:58,建物毀損,信義區,121.5830231,25.04286766
2024-04-03T10:58:38,建物毀損,信義區,121.5806885,25.04024124
2024-04-03T10:59:14,建物毀損,內湖區,121.5935059,25.07892418
2024-04-03T10:59:51,建物毀損,中正區,121.5236816,25.02461052
2024-04-03T11:00:09,民生、基礎設施災情,文山區,121.5624847,24.99733543
2024-04-03T11:00:17,建物毀損,信義區,121.5818787,25.04309082
2024-04-03T11:00:17,民生、基礎設施災情,萬華區,121.4982758,25.03610802
2024-04-03T11:00:20,民生、基礎設施災情,文山區,121.5633774,24.98927879
2024-04-03T11:00:25,建物毀損,信義區,121.5818787,25.04309082
2024-04-03T11:00:31,建物毀損,松山區,121.5446854,25.05799866
2024-04-03T11:00:39,民生、基礎設施災情,信義區,121.574791,25.0429306
2024-04-03T11:00:41,建物毀損,信義區,121.5816574,25.04209709
2024-04-03T11:00:55,建物毀損,中正區,121.5228119,25.02534676
2024-04-03T11:01:07,建物毀損,中正區,121.5230331,25.02513504
2024-04-03T11:01:13,建物毀損,萬華區,121.4925613,25.02192497
2024-04-03T11:01:26,民生、基礎設施災情,北投區,121.4663696,25.13008499
2024-04-03T11:01:32,建物毀損,中正區,121.5220566,25.03232193
2024-04-03T11:01:37,民生、基礎設施災情,信義區,121.5605621,25.02924156
2024-04-03T11:02:07,民生、基礎設施災情,南港區,121.617775,25.04182434
2024-04-03T11:02:53,民生、基礎設施災情,文山區,121.5591888,24.99089241
2024-04-03T11:03:25,民生、基礎設施災情,松山區,121.5598526,25.04750824
2024-04-03T11:03:25,建物毀損,松山區,121.5534515,25.05185699
2024-04-03T11:03:29,建物毀損,松山區,121.5719528,25.05047798
2024-04-03T11:04:21,建物毀損,大安區,121.5443878,25.03242874
2024-04-03T11:04:46,建物毀損,中正區,121.5271378,25.02093315
2024-04-03T11:04:59,民生、基礎設施災情,南港區,121.6207886,25.04042816
2024-04-03T11:05:49,民生、基礎設施災情,南港區,121.6010284,25.05856895
2024-04-03T11:05:53,其他災情,大安區,121.5469284,25.03865814
2024-04-03T11:06:10,其他災情,北投區,121.5204315,25.11354828
2024-04-03T11:10:18,建物毀損,南港區,121.6067505,25.05734444
2024-04-03T11:10:27,建物毀損,文山區,121.5560837,24.98036003
2024-04-03T11:11:10,其他災情,南港區,121.6041718,25.05607414
2024-04-03T11:11:25,建物毀損,中山區,121.5459671,25.05750847
2024-04-03T11:11:30,民生、基礎設施災情,信義區,121.5824814,25.04185867
2024-04-03T11:11:32,建物毀損,信義區,121.5713959,25.04546738
2024-04-03T11:11:39,建物毀損,南港區,121.6066971,25.05472183
2024-04-03T11:11:46,其他災情,中山區,121.5459595,25.05751991
2024-04-03T11:11:53,民生、基礎設施災情,萬華區,121.4952087,25.02156639
2024-04-03T11:11:54,建物毀損,中正區,121.5213852,25.02416611
2024-04-03T11:12:03,建物毀損,南港區,121.5844879,25.04557228
2024-04-03T11:12:07,民生、基礎設施災情,士林區,121.515976,25.09598923
2024-04-03T11:13:10,建物毀損,松山區,121.5582428,25.05360031
2024-04-03T11:13:46,民生、基礎設施災情,松山區,121.5668182,25.04898453
2024-04-03T11:14:13,其他災情,信義區,121.5677109,25.0331707
2024-04-03T11:14:45,建物毀損,萬華區,121.5025635,25.02991676
2024-04-03T11:17:18,民生、基礎設施災情,松山區,121.5497742,25.05374908
2024-04-03T11:17:18,民生、基礎設施災情,松山區,121.5681,25.05039978
2024-04-03T11:17:18,民生、基礎設施災情,松山區,121.5567474,25.05127907
2024-04-03T11:19:27,建物毀損,中正區,121.5145798,25.02853203
2024-04-03T11:20:02,建物毀損,中山區,121.5292206,25.05539703
2024-04-03T11:22:23,其他災情,萬華區,121.5070496,25.02587891
2024-04-03T11:23:03,建物毀損,信義區,121.5776443,25.04050636
2024-04-03T11:23:09,建物毀損,大安區,121.5500946,25.0417099
2024-04-03T11:23:10,民生、基礎設施災情,信義區,121.5682907,25.03284645
2024-04-03T11:23:50,建物毀損,信義區,121.5789719,25.04362488
2024-04-03T11:24:19,民生、基礎設施災情,文山區,121.5447159,24.99300003
2024-04-03T11:24:22,建物毀損,萬華區,121.4928207,25.02049828
2024-04-03T11:24:57,建物毀損,中正區,121.5248184,25.04389763
2024-04-03T11:25:18,建物毀損,信義區,121.5624161,25.02957344
2024-04-03T11:27:08,民生、基礎設施災情,內湖區,121.584671,25.08293152
2024-04-03T11:27:09,民生、基礎設施災情,士林區,121.5244064,25.09620857
2024-04-03T11:28:01,其他災情,中正區,121.5198212,25.02394485
2024-04-03T11:28:11,建物毀損,中正區,121.5118637,25.02894783
2024-04-03T11:29:33,其他災情,大安區,121.5426865,25.01240921
2024-04-03T11:30:31,其他災情,文山區,121.5460052,24.98493958
2024-04-03T11:30:40,建物毀損,松山區,121.553833,25.04628754
2024-04-03T11:31:33,建物毀損,文山區,121.5735168,24.99224663
2024-04-03T11:32:11,其他災情,大安區,121.5458221,25.03164101
2024-04-03T11:32:18,火災,中山區,121.527565,25.04856873
2024-04-03T11:32:20,民生、基礎設施災情,松山區,121.5478897,25.04658318
2024-04-03T11:33:38,建物毀損,信義區,121.561348,25.03041267
2024-04-03T11:33:49,建物毀損,松山區,121.5468597,25.05263138
2024-04-03T11:33:50,其他災情,大安區,121.5294266,25.02951622
2024-04-03T11:33:58,其他災情,文山區,121.559433,24.98887062
2024-04-03T11:36:22,其他災情,松山區,121.5718613,25.05049324
2024-04-03T11:36:39,建物毀損,信義區,121.5779953,25.04059792
2024-04-03T11:37:26,民生、基礎設施災情,大安區,121.5513153,25.03132629
2024-04-03T11:37:35,民生、基礎設施災情,文山區,121.5607147,24.98132324
2024-04-03T11:37:56,建物毀損,文山區,121.5498962,24.98821068
2024-04-03T11:38:00,民生、基礎設施災情,松山區,121.5633469,25.05438805
2024-04-03T11:38:01,民生、基礎設施災情,文山區,121.5588684,24.98065376
2024-04-03T11:38:58,民生、基礎設施災情,萬華區,121.4896927,25.02994347
2024-04-03T11:40:00,建物毀損,信義區,121.5664902,25.04128838
2024-04-03T11:43:00,建物毀損,文山區,121.5479965,24.9963131
2024-04-03T11:43:22,建物毀損,萬華區,121.5044632,25.04520416
2024-04-03T11:44:49,民生、基礎設施災情,中正區,121.5187531,25.031353
2024-04-03T11:45:00,民生、基礎設施災情,松山區,121.564827,25.05335045
2024-04-03T11:45:11,建物毀損,南港區,121.6066895,25.05735779
2024-04-03T11:45:48,民生、基礎設施災情,士林區,121.5637817,25.03752327
2024-04-03T11:46:27,其他災情,內湖區,121.5910721,25.08829308
2024-04-03T11:47:39,民生、基礎設施災情,士林區,121.5149155,25.09321404
2024-04-03T11:50:12,建物毀損,大同區,121.5145493,25.04971504
2024-04-03T11:50:15,其他災情,萬華區,121.5056381,25.04053116
2024-04-03T11:58:41,其他災情,北投區,121.5489883,25.14961052
2024-04-03T11:59:06,其他災情,大安區,121.5573273,25.03421021
2024-04-03T11:59:56,建物毀損,北投區,121.5637817,25.03752327
2024-04-03T12:00:57,建物毀損,中山區,121.5478973,25.0799427
2024-04-03T12:01:36,民生、基礎設施災情,中山區,121.5226822,25.06141472
2024-04-03T12:02:39,其他災情,中正區,121.5314713,25.0383873
2024-04-03T12:04:25,建物毀損,南港區,121.6095123,25.05906487
2024-04-03T12:04:54,民生、基礎設施災情,士林區,121.5237885,25.10791779
2024-04-03T12:05:33,民生、基礎設施災情,信義區,121.5573959,25.02754021
2024-04-03T12:05:56,建物毀損,信義區,121.5780334,25.04423141
2024-04-03T12:06:17,建物毀損,南港區,121.6093826,25.05965614
2024-04-03T12:06:59,建物毀損,南港區,121.6194305,25.05491257
2024-04-03T12:07:31,建物毀損,中正區,121.5297241,25.03841972
2024-04-03T12:08:00,建物毀損,信義區,121.5784683,25.0435524
2024-04-03T12:08:04,建物毀損,信義區,121.5756378,25.03414345
2024-04-03T12:08:26,建物毀損,松山區,121.5459671,25.05750847
2024-04-03T12:08:55,建物毀損,內湖區,121.5770035,25.07824707
2024-04-03T12:09:24,建物毀損,大同區,121.5154953,25.06617928
2024-04-03T12:09:59,建物毀損,萬華區,121.4971161,25.02202225
2024-04-03T12:09:59,民生、基礎設施災情,南港區,121.6190491,25.04234886
2024-04-03T12:10:21,建物毀損,文山區,121.5606766,24.98156166
2024-04-03T12:10:48,其他災情,中正區,121.5247955,25.04428673
2024-04-03T12:10:50,民生、基礎設施災情,松山區,121.5679932,25.05736542
2024-04-03T12:11:30,建物毀損,中正區,121.5349731,25.01351929
2024-04-03T12:12:27,建物毀損,大安區,121.5447006,25.03097343
2024-04-03T12:12:28,民生、基礎設施災情,萬華區,121.504303,25.0430603
2024-04-03T12:12:40,建物毀損,信義區,121.5617905,25.04007721
2024-04-03T12:13:26,建物毀損,萬華區,121.503334,25.0434761
2024-04-03T12:13:41,建物毀損,文山區,121.5400009,24.99994659
2024-04-03T12:13:41,民生、基礎設施災情,文山區,121.5759583,24.98784637
2024-04-03T12:13:49,建物毀損,信義區,121.5755539,25.04536438
2024-04-03T12:13:52,民生、基礎設施災情,中正區,121.5285873,25.04052353
2024-04-03T12:13:56,民生、基礎設施災情,內湖區,121.5398026,25.05459976
2024-04-03T12:14:12,民生、基礎設施災情,信義區,121.5637817,25.03752327
2024-04-03T12:18:07,其他災情,大安區,121.5513916,25.02698517
2024-04-03T12:18:11,民生、基礎設施災情,文山區,121.5374756,25.00128365
2024-04-03T12:20:30,建物毀損,中正區,121.5141068,25.03041267
2024-04-03T12:20:35,建物毀損,信義區,121.5662308,25.04151535
2024-04-03T12:22:11,民生、基礎設施災情,萬華區,121.5036774,25.02011681
2024-04-03T12:22:12,民生、基礎設施災情,松山區,121.5703583,25.04968643
2024-04-03T12:22:33,民生、基礎設施災情,萬華區,121.49897,25.02460861
2024-04-03T12:23:50,民生、基礎設施災情,信義區,121.5823669,25.04084015
2024-04-03T12:24:02,建物毀損,大安區,121.5443192,25.03240395
2024-04-03T12:24:29,其他災情,大安區,121.5462112,25.03133774
2024-04-03T12:24:29,其他災情,大安區,121.5462112,25.03133774
2024-04-03T12:26:08,民生、基礎設施災情,大同區,121.51297,25.06508827
2024-04-03T12:26:10,建物毀損,萬華區,121.5009079,25.02792931
2024-04-03T12:26:31,建物毀損,信義區,121.5617828,25.04099274
2024-04-03T12:26:37,民生、基礎設施災情,大安區,121.5540009,25.03633499
2024-04-03T12:29:19,建物毀損,萬華區,121.5050964,25.03327179
2024-04-03T12:30:44,其他災情,大安區,121.5467529,25.0432148
2024-04-03T12:31:06,建物毀損,中山區,121.5355225,25.06037903
2024-04-03T12:33:07,建物毀損,信義區,121.5776062,25.04751396
2024-04-03T12:33:15,建物毀損,內湖區,121.5817719,25.05539703
2024-04-03T12:35:03,民生、基礎設施災情,松山區,121.5527649,25.04717445
2024-04-03T12:36:07,建物毀損,大安區,121.530426,25.02023697
2024-04-03T12:36:13,建物毀損,中正區,121.5152664,25.02925301
2024-04-03T12:36:45,建物毀損,文山區,121.5595856,24.99040604
2024-04-03T12:38:17,民生、基礎設施災情,士林區,121.5158081,25.09612274
2024-04-03T12:39:13,民生、基礎設施災情,大安區,121.5538177,25.04162025
2024-04-03T12:41:30,其他災情,松山區,121.5659485,25.05116463
2024-04-03T12:41:50,民生、基礎設施災情,中正區,121.5185623,25.02209091
2024-04-03T12:42:04,其他災情,大安區,121.5358047,25.02541351
2024-04-03T12:42:43,建物毀損,南港區,121.5892715,25.04159737
2024-04-03T12:46:37,其他災情,中正區,121.5257416,25.04407501
2024-04-03T12:47:18,其他災情,松山區,121.555336,25.04988098
2024-04-03T12:47:28,民生、基礎設施災情,中山區,121.5277863,25.05801773
2024-04-03T12:47:34,民生、基礎設施災情,大安區,121.5475845,25.03420639
2024-04-03T12:49:51,其他災情,大安區,121.5540009,25.03633499
2024-04-03T12:51:58,民生、基礎設施災情,信義區,121.5858231,25.04155922
2024-04-03T12:53:08,民生、基礎設施災情,中山區,121.5429077,25.0628376
2024-04-03T12:54:17,民生、基礎設施災情,大安區,121.5484467,25.03473854
2024-04-03T12:54:37,其他災情,大安區,121.5305176,25.02607536
2024-04-03T12:55:00,建物毀損,南港區,121.6067505,25.05734444
2024-04-03T12:56:41,建物毀損,文山區,121.5400009,24.99994659
2024-04-03T12:56:47,建物毀損,中正區,121.5272369,25.03530884
2024-04-03T12:57:11,建物毀損,信義區,121.5643463,25.03817177
2024-04-03T12:57:36,建物毀損,南港區,121.5870972,25.04119682
2024-04-03T12:57:52,建物毀損,中山區,121.5254898,25.04811478
2024-04-03T12:58:09,民生、基礎設施災情,大安區,121.5499573,25.02551842
2024-04-03T12:58:20,建物毀損,松山區,121.5716858,25.05064201
2024-04-03T12:58:20,建物毀損,松山區,121.5465546,25.0546608
2024-04-03T12:58:20,建物毀損,松山區,121.553299,25.05740929
2024-04-03T12:58:41,民生、基礎設施災情,萬華區,121.5045395,25.03348732
2024-04-03T12:59:15,民生、基礎設施災情,信義區,121.5603943,25.03011894
2024-04-03T13:01:09,民生、基礎設施災情,中正區,121.5191345,25.02184105
2024-04-03T13:01:36,民生、基礎設施災情,大同區,121.5133057,25.07362366
2024-04-03T13:01:46,民生、基礎設施災情,中山區,121.5209274,25.0617981
2024-04-03T13:01:58,民生、基礎設施災情,萬華區,121.508461,25.02409935
2024-04-03T13:02:09,民生、基礎設施災情,中山區,121.5418625,25.05043411
2024-04-03T13:02:24,建物毀損,信義區,121.5747681,25.03338432
2024-04-03T13:03:08,民生、基礎設施災情,中山區,121.5354156,25.05319023
2024-04-03T13:04:26,民生、基礎設施災情,士林區,121.5149155,25.09321404
2024-04-03T13:06:24,建物毀損,松山區,121.5538483,25.05143738
2024-04-03T13:07:44,民生、基礎設施災情,大安區,121.5532913,25.02825737
2024-04-03T13:08:01,建物毀損,萬華區,121.501358,25.0383091
2024-04-03T13:08:14,建物毀損,中山區,121.5476608,25.08451271
2024-04-03T13:08:15,民生、基礎設施災情,中山區,121.520813,25.06253242
2024-04-03T13:08:27,建物毀損,文山區,121.5673065,24.98243332
2024-04-03T13:09:24,民生、基礎設施災情,大安區,121.5385742,25.03327751
2024-04-03T13:10:28,民生、基礎設施災情,信義區,121.5562134,25.02116394
2024-04-03T13:11:40,建物毀損,南港區,121.6005783,25.05549049
2024-04-03T13:12:06,建物毀損,萬華區,121.5072403,25.04793167
2024-04-03T13:12:48,民生、基礎設施災情,萬華區,121.4896317,25.0301857
2024-04-03T13:13:48,民生、基礎設施災情,信義區,121.5626221,25.03564835
2024-04-03T13:13:50,建物毀損,文山區,121.5740051,24.99142075
2024-04-03T13:14:04,民生、基礎設施災情,南港區,121.5919571,25.05809021
2024-04-03T13:14:49,建物毀損,文山區,121.5562668,24.97992516
2024-04-03T13:15:49,民生、基礎設施災情,信義區,121.5802536,25.04376602
2024-04-03T13:17:23,建物毀損,文山區,121.5735168,24.99224663
2024-04-03T13:20:34,民生、基礎設施災情,萬華區,121.50177,25.03106499
2024-04-03T13:21:39,其他災情,萬華區,121.4896927,25.02994347
2024-04-03T13:22:57,其他災情,信義區,121.5716476,25.04013634
2024-04-03T13:23:55,民生、基礎設施災情,中山區,121.5213165,25.06173325
2024-04-03T13:25:10,民生、基礎設施災情,大安區,121.5343933,25.0270195
2024-04-03T13:25:32,其他災情,中正區,121.5062714,25.02783012
2024-04-03T13:27:26,建物毀損,南港區,121.5870209,25.04139709
2024-04-03T13:28:40,建物毀損,南港區,121.5958099,25.05459023
2024-04-03T13:29:15,建物毀損,萬華區,121.5062103,25.04526711
2024-04-03T13:29:20,民生、基礎設施災情,大安區,121.5538177,25.04162025
2024-04-03T13:30:34,建物毀損,中正區,121.5057831,25.02898216
2024-04-03T13:30:41,其他災情,文山區,121.5432053,24.99780464
2024-04-03T13:32:44,建物毀損,中山區,121.5287552,25.06673813
2024-04-03T13:33:35,建物毀損,中正區,121.5637817,25.03752327
2024-04-03T13:34:11,建物毀損,中山區,121.5252228,25.05911827
2024-04-03T13:34:11,民生、基礎設施災情,中山區,121.5430679,25.0562439
2024-04-03T13:34:14,民生、基礎設施災情,士林區,121.515976,25.09598923
2024-04-03T13:34:23,民生、基礎設施災情,大安區,121.5439529,25.04137993
2024-04-03T13:34:35,其他災情,大安區,121.546051,25.02487564
2024-04-03T13:34:35,其他災情,大安區,121.546051,25.02487564
2024-04-03T13:35:00,民生、基礎設施災情,大安區,121.5482712,25.03130722
2024-04-03T13:35:50,其他災情,北投區,121.4996414,25.14119911
2024-04-03T13:37:02,其他災情,大同區,121.5181122,25.0703907
2024-04-03T13:37:43,民生、基礎設施災情,信義區,121.5643463,25.04312706
2024-04-03T13:38:21,建物毀損,大安區,121.5428391,25.04453278
2024-04-03T13:42:31,建物毀損,北投區,121.5270081,25.13196564
2024-04-03T13:43:29,民生、基礎設施災情,信義區,121.5804138,25.0452137
2024-04-03T13:44:17,民生、基礎設施災情,文山區,121.5482788,25.00013733
2024-04-03T13:45:21,建物毀損,信義區,121.5627289,25.03475189
2024-04-03T13:46:21,建物毀損,大安區,121.5568619,25.01930809
2024-04-03T13:46:27,建物毀損,南港區,121.6194305,25.05491257
2024-04-03T13:47:07,建物毀損,信義區,121.5668488,25.04450607
2024-04-03T13:47:19,其他災情,文山區,121.5631485,24.98242569
2024-04-03T13:49:48,建物毀損,松山區,121.5452652,25.06180382
2024-04-03T13:50:54,建物毀損,大安區,121.5440369,25.02848053
2024-04-03T13:51:06,建物毀損,中山區,121.5227737,25.06388092
2024-04-03T13:51:36,民生、基礎設施災情,中正區,121.512764,25.04452133
2024-04-03T13:52:31,其他災情,大安區,121.546051,25.02487564
2024-04-03T13:52:40,民生、基礎設施災情,信義區,121.5776138,25.04688263
2024-04-03T13:54:30,建物毀損,信義區,121.5694504,25.04552078
2024-04-03T13:54:35,建物毀損,文山區,121.5385284,25.00409317
2024-04-03T13:55:02,建物毀損,信義區,121.5627289,25.03475189
2024-04-03T13:55:32,建物毀損,萬華區,121.4980087,25.03544617
2024-04-03T13:55:34,民生、基礎設施災情,信義區,121.5757751,25.03602219
2024-04-03T13:55:45,建物毀損,信義區,121.5627289,25.03475189
2024-04-03T13:56:30,民生、基礎設施災情,信義區,121.5762024,25.03930092
2024-04-03T13:58:22,其他災情,中山區,121.5430984,25.04627609
2024-04-03T14:00:11,民生、基礎設施災情,內湖區,121.5900726,25.07769966
2024-04-03T14:00:57,建物毀損,大安區,121.5573273,25.03400803
2024-04-03T14:01:26,建物毀損,信義區,121.5802383,25.04248047
2024-04-03T14:02:38,建物毀損,信義區,121.5719986,25.04603004
2024-04-03T14:02:58,民生、基礎設施災情,士林區,121.5083313,25.08647156
2024-04-03T14:03:59,民生、基礎設施災情,內湖區,121.5923386,25.08211708
2024-04-03T14:05:33,建物毀損,南港區,121.6069336,25.05504417
2024-04-03T14:06:00,民生、基礎設施災情,文山區,121.5722427,25.00220299
2024-04-03T14:07:05,民生、基礎設施災情,中山區,121.5375137,25.04787445
2024-04-03T14:07:22,民生、基礎設施災情,士林區,121.5170975,25.09614182
2024-04-03T14:08:24,民生、基礎設施災情,內湖區,121.589859,25.07838631
2024-04-03T14:08:46,民生、基礎設施災情,信義區,121.5795059,25.04794121
2024-04-03T14:10:18,民生、基礎設施災情,信義區,121.5559387,25.02421379
2024-04-03T14:11:58,建物毀損,內湖區,121.5894318,25.0819931
2024-04-03T14:13:29,民生、基礎設施災情,中正區,121.521637,25.04522133
2024-04-03T14:14:23,民生、基礎設施災情,文山區,121.5468674,24.99636078
2024-04-03T14:17:18,民生、基礎設施災情,大安區,121.5252762,25.02705383
2024-04-03T14:17:29,民生、基礎設施災情,萬華區,121.4957275,25.02792549
2024-04-03T14:18:32,建物毀損,文山區,121.5569458,24.98839378
2024-04-03T14:18:53,建物毀損,信義區,121.5637817,25.03752327
2024-04-03T14:20:43,民生、基礎設施災情,大安區,121.5637817,25.03752327
2024-04-03T14:27:35,建物毀損,大安區,121.5574036,25.0182457
2024-04-03T14:32:01,建物毀損,文山區,121.5584793,24.98102951
2024-04-03T14:32:01,建物毀損,文山區,121.5591888,24.99093246
2024-04-03T14:33:52,民生、基礎設施災情,大安區,121.5389252,25.03057861
2024-04-03T14:33:52,建物毀損,北投區,121.500206,25.13414764
2024-04-03T14:34:38,其他災情,北投區,121.5001373,25.12841797
2024-04-03T14:36:39,民生、基礎設施災情,信義區,121.5766373,25.03793907
2024-04-03T14:37:55,民生、基礎設施災情,文山區,121.5553665,24.97816086
2024-04-03T14:40:54,建物毀損,大安區,121.53862,25.02626801
2024-04-03T14:43:20,其他災情,大同區,121.513588,25.06466866
2024-04-03T14:44:06,建物毀損,信義區,121.5768127,25.04039383
2024-04-03T14:44:28,其他災情,中正區,121.5182037,25.02384186
2024-04-03T14:46:08,其他災情,北投區,121.5068207,25.11750412
2024-04-03T14:46:20,建物毀損,中山區,121.526207,25.04891968
2024-04-03T14:46:20,建物毀損,中山區,121.5305557,25.06111717
2024-04-03T14:48:15,其他災情,文山區,121.5753555,24.99181938
2024-04-03T14:48:37,其他災情,中山區,121.5375443,25.05218124
2024-04-03T14:49:19,建物毀損,文山區,121.5624695,24.98405266
2024-04-03T14:50:34,建物毀損,萬華區,121.4998779,25.03383636
2024-04-03T14:54:00,民生、基礎設施災情,士林區,121.5003433,25.09143257
2024-04-03T14:58:36,建物毀損,松山區,121.5454178,25.0468235
2024-04-03T14:59:04,建物毀損,信義區,121.557663,25.03360748
2024-04-03T14:59:11,民生、基礎設施災情,中正區,121.5346375,25.01376534
2024-04-03T15:00:07,建物毀損,文山區,121.5618057,24.98385811
2024-04-03T15:02:31,民生、基礎設施災情,中山區,121.5212479,25.06173515
2024-04-03T15:03:11,建物毀損,萬華區,121.5046616,25.04721069
2024-04-03T15:03:47,建物毀損,中山區,121.5376968,25.06157303
2024-04-03T15:05:53,建物毀損,中正區,121.5119553,25.04606438
2024-04-03T15:09:51,民生、基礎設施災情,中山區,121.5355911,25.06759834
2024-04-03T15:11:42,建物毀損,大安區,121.5422058,25.04183388
2024-04-03T15:11:44,民生、基礎設施災情,文山區,121.5533066,24.99969864
2024-04-03T15:12:13,建物毀損,文山區,121.5595322,24.98153305
2024-04-03T15:14:33,民生、基礎設施災情,松山區,121.5638733,25.05416679
2024-04-03T15:15:22,建物毀損,南港區,121.5813065,25.04874039
2024-04-03T15:16:42,建物毀損,萬華區,121.5016479,25.02976799
2024-04-03T15:16:49,民生、基礎設施災情,萬華區,121.5043106,25.03326988
2024-04-03T15:17:04,建物毀損,松山區,121.5534286,25.04819489
2024-04-03T15:18:31,建物毀損,文山區,121.5607605,24.98158646
2024-04-03T15:18:31,建物毀損,文山區,121.5612183,24.98245811
2024-04-03T15:18:31,建物毀損,文山區,121.5608673,24.98161507
2024-04-03T15:18:32,民生、基礎設施災情,文山區,121.5646973,24.98536682
2024-04-03T15:20:19,建物毀損,士林區,121.5172272,25.0862751
2024-04-03T15:20:39,建物毀損,大同區,121.5129852,25.05907249
2024-04-03T15:21:20,民生、基礎設施災情,信義區,121.5823669,25.04084015
2024-04-03T15:21:43,建物毀損,中山區,121.5313492,25.0478363
2024-04-03T15:23:17,建物毀損,文山區,121.5448456,24.99874115
2024-04-03T15:24:06,建物毀損,大安區,121.5439529,25.03356552
2024-04-03T15:24:29,民生、基礎設施災情,大安區,121.5459442,25.02799988
2024-04-03T15:24:49,民生、基礎設施災情,內湖區,121.5899048,25.08338737
2024-04-03T15:27:06,民生、基礎設施災情,士林區,121.512085,25.08551598
2024-04-03T15:27:07,民生、基礎設施災情,大安區,121.5491562,25.03282547
2024-04-03T15:27:14,建物毀損,士林區,121.5113449,25.08634377
2024-04-03T15:27:30,建物毀損,中正區,121.5122223,25.02692032
2024-04-03T15:27:48,民生、基礎設施災情,士林區,121.5096512,25.08657837
2024-04-03T15:27:56,建物毀損,士林區,121.5109177,25.08453178
2024-04-03T15:28:13,民生、基礎設施災情,大安區,121.5426102,25.01576614
2024-04-03T15:28:34,民生、基礎設施災情,中正區,121.536644,25.01134109
2024-04-03T15:29:08,建物毀損,文山區,121.5605164,24.98215485
2024-04-03T15:29:08,建物毀損,文山區,121.5523834,25.00131798
2024-04-03T15:31:47,建物毀損,松山區,121.5621109,25.05469894
2024-04-03T15:33:03,民生、基礎設施災情,大安區,121.5474854,25.03648186
2024-04-03T15:36:29,其他災情,文山區,121.5407639,24.98993301
2024-04-03T15:39:23,民生、基礎設施災情,大安區,121.5334854,25.0188179
2024-04-03T15:39:56,其他災情,中山區,121.5329361,25.04685974
2024-04-03T15:45:02,建物毀損,中山區,121.5259628,25.05046844
2024-04-03T15:47:57,民生、基礎設施災情,松山區,121.567955,25.05512428
2024-04-03T15:49:54,民生、基礎設施災情,信義區,121.5605087,25.02930641
2024-04-03T15:51:14,民生、基礎設施災情,信義區,121.580452,25.04565048
2024-04-03T15:51:27,建物毀損,文山區,121.5540161,24.98823929
2024-04-03T15:51:58,民生、基礎設施災情,中正區,121.5318604,25.03799438
2024-04-03T15:53:53,建物毀損,信義區,121.5834427,25.03900909
2024-04-03T15:54:04,建物毀損,信義區,121.5627975,25.04233932
2024-04-03T15:54:15,建物毀損,信義區,121.5776062,25.04411888
2024-04-03T15:55:18,建物毀損,大同區,121.5089111,25.05422211
2024-04-03T15:55:19,其他災情,萬華區,121.4974899,25.03737259
2024-04-03T15:55:50,建物毀損,大安區,121.5503006,25.02147102
2024-04-03T15:55:57,建物毀損,中正區,121.5279617,25.01290131
2024-04-03T15:56:20,其他災情,大安區,121.5270386,25.03379822
2024-04-03T15:56:25,建物毀損,松山區,121.5614166,25.05261612
2024-04-03T15:56:26,民生、基礎設施災情,松山區,121.5607605,25.05215073
2024-04-03T15:56:39,建物毀損,南港區,121.6066513,25.0547123
2024-04-03T15:56:42,建物毀損,中正區,121.5293808,25.03968048
2024-04-03T15:56:57,建物毀損,信義區,121.5784607,25.04355049
2024-04-03T15:56:59,民生、基礎設施災情,信義區,121.5697021,25.0235157
2024-04-03T15:57:26,建物毀損,中正區,121.5325623,25.01612854
2024-04-03T15:57:27,建物毀損,大安區,121.5227661,25.02979851
2024-04-03T15:58:05,建物毀損,南港區,121.6053925,25.05648041
2024-04-03T15:58:16,民生、基礎設施災情,信義區,121.5764008,25.04023743
2024-04-03T15:58:46,建物毀損,大安區,121.525795,25.03387833
2024-04-03T15:58:50,建物毀損,中正區,121.523468,25.0218544
2024-04-03T15:59:14,民生、基礎設施災情,信義區,121.5712357,25.03536415
2024-04-03T16:00:37,建物毀損,中正區,121.5159531,25.03049278
2024-04-03T16:01:00,民生、基礎設施災情,大安區,121.5548096,25.03975105
2024-04-03T16:01:41,建物毀損,大安區,121.5336227,25.03844452
2024-04-03T16:02:36,民生、基礎設施災情,大安區,121.5573807,25.03639603
2024-04-03T16:03:03,民生、基礎設施災情,萬華區,121.5637817,25.03752327
2024-04-03T16:10:22,民生、基礎設施災情,大安區,121.5389481,25.04240799
2024-04-03T16:16:08,民生、基礎設施災情,中山區,121.5355911,25.06759834
2024-04-03T16:16:53,民生、基礎設施災情,大安區,121.5389481,25.04240799
2024-04-03T16:17:05,民生、基礎設施災情,內湖區,121.5995636,25.07356644
2024-04-03T16:18:09,其他災情,中正區,121.5231018,25.02290344
2024-04-03T16:18:25,民生、基礎設施災情,中山區,121.5418472,25.06588173
2024-04-03T16:19:04,民生、基礎設施災情,信義區,121.5762634,25.04851723
2024-04-03T16:19:10,民生、基礎設施災情,松山區,121.5465622,25.04721832
2024-04-03T16:20:45,建物毀損,文山區,121.5409164,24.99147034
2024-04-03T16:21:09,建物毀損,萬華區,121.5051422,25.02719307
2024-04-03T16:21:23,建物毀損,大安區,121.54702,25.0432148
2024-04-03T16:22:06,建物毀損,大安區,121.5548096,25.04335403
2024-04-03T16:22:20,民生、基礎設施災情,中正區,121.5172272,25.03137589
2024-04-03T16:23:38,民生、基礎設施災情,松山區,121.5512314,25.04769707
2024-04-03T16:24:15,建物毀損,大安區,121.5480728,25.04133415
2024-04-03T16:24:49,建物毀損,內湖區,121.5885315,25.07851601
2024-04-03T16:29:21,民生、基礎設施災情,松山區,121.577179,25.05143547
2024-04-03T16:29:31,民生、基礎設施災情,大安區,121.5389252,25.03057861
2024-04-03T16:30:30,建物毀損,大安區,121.5443497,25.03238869
2024-04-03T16:30:37,建物毀損,大安區,121.5341949,25.02840805
2024-04-03T16:31:16,建物毀損,士林區,121.526886,25.09779358
2024-04-03T16:31:32,民生、基礎設施災情,內湖區,121.5723801,25.0649662
2024-04-03T16:36:49,民生、基礎設施災情,士林區,121.5348816,25.11165428
2024-04-03T16:37:22,民生、基礎設施災情,大安區,121.552269,25.03220177
2024-04-03T16:41:05,建物毀損,信義區,121.5776062,25.04751396
2024-04-03T16:41:54,建物毀損,文山區,121.5756836,24.99110794
2024-04-03T16:42:28,建物毀損,信義區,121.5768585,25.04005814
2024-04-03T16:45:50,民生、基礎設施災情,內湖區,121.6121063,25.06885338
2024-04-03T16:50:51,建物毀損,松山區,121.5713577,25.05086136
2024-04-03T16:54:06,建物毀損,大安區,121.542038,25.03315353
2024-04-03T16:55:17,建物毀損,信義區,121.5858307,25.04154015
2024-04-03T16:55:19,建物毀損,大安區,121.5476379,25.03759956
2024-04-03T16:56:20,民生、基礎設施災情,文山區,121.5626907,24.98456764
2024-04-03T16:59:29,其他災情,松山區,121.5588303,25.0587368
2024-04-03T17:03:43,建物毀損,信義區,121.5747528,25.03437042
2024-04-03T17:07:21,建物毀損,文山區,121.5545807,24.98452377
2024-04-03T17:10:00,建物毀損,大安區,121.5491562,25.03268814
2024-04-03T17:10:48,民生、基礎設施災情,信義區,121.5718689,25.0385437
2024-04-03T17:14:26,其他災情,大安區,121.5572586,25.03069115
2024-04-03T17:14:57,民生、基礎設施災情,士林區,121.5269699,25.11214447
2024-04-03T17:17:07,建物毀損,內湖區,121.6118546,25.07088089
2024-04-03T17:17:54,民生、基礎設施災情,大安區,121.5373001,25.02544594
2024-04-03T17:17:58,民生、基礎設施災情,松山區,121.5549393,25.04721451
2024-04-03T17:21:55,建物毀損,中正區,121.5055771,25.03300476
2024-04-03T17:27:29,民生、基礎設施災情,中正區,121.5153961,25.02729416
2024-04-03T17:27:40,建物毀損,大安區,121.5574036,25.0182457
2024-04-03T17:28:16,建物毀損,松山區,121.5645142,25.05819511
2024-04-03T17:29:31,其他災情,大安區,121.5429993,25.04331207
2024-04-03T17:29:31,其他災情,大安區,121.5429993,25.04331207
2024-04-03T17:31:09,民生、基礎設施災情,大安區,121.5453796,25.0331459
2024-04-03T17:34:28,其他災情,大安區,121.5423584,25.02813339
2024-04-03T17:38:28,建物毀損,文山區,121.5505829,24.98835373
2024-04-03T17:38:38,民生、基礎設施災情,內湖區,121.5786591,25.07955742
2024-04-03T17:38:57,民生、基礎設施災情,萬華區,121.5044327,25.04833412
2024-04-03T17:40:42,建物毀損,大安區,121.5443497,25.03238869
2024-04-03T17:42:57,建物毀損,信義區,121.5579529,25.03525352
2024-04-03T17:43:01,其他災情,松山區,121.5527039,25.05237198
2024-04-03T17:44:06,建物毀損,信義區,121.5822601,25.04203987
2024-04-03T17:55:03,建物毀損,北投區,121.512001,25.11668015
2024-04-03T17:55:50,建物毀損,北投區,121.5115891,25.11568642
2024-04-03T17:58:05,建物毀損,內湖區,121.5805359,25.07648468
2024-04-03T17:59:44,建物毀損,信義區,121.5866623,25.04063797
2024-04-03T18:03:03,建物毀損,內湖區,121.5806732,25.07626724
2024-04-03T18:07:47,其他災情,大同區,121.5130081,25.05689812
2024-04-03T18:10:50,建物毀損,大安區,121.5433197,25.03059387
2024-04-03T18:12:29,建物毀損,內湖區,121.5802612,25.07361984
2024-04-03T18:18:38,民生、基礎設施災情,文山區,121.5544128,24.98430824
2024-04-03T18:18:38,建物毀損,大安區,121.541687,25.039011
2024-04-03T18:18:57,其他災情,內湖區,121.6124802,25.07355118
2024-04-03T18:22:35,建物毀損,文山區,121.5647507,24.98462486
2024-04-03T18:25:51,民生、基礎設施災情,大安區,121.5566101,25.03295708
2024-04-03T18:26:17,其他災情,文山區,121.5621185,24.98173904
2024-04-03T18:26:25,建物毀損,南港區,121.6054993,25.05426979
2024-04-03T18:27:54,建物毀損,中山區,121.5431061,25.05065155
2024-04-03T18:29:06,民生、基礎設施災情,文山區,121.55056,24.9967308
2024-04-03T18:32:01,民生、基礎設施災情,文山區,121.55056,24.9967308
2024-04-03T18:32:29,建物毀損,中正區,121.5170212,25.02344131
2024-04-03T18:49:06,民生、基礎設施災情,內湖區,121.5656738,25.08082771
2024-04-03T18:49:22,建物毀損,中正區,121.5070801,25.02934074
2024-04-03T18:49:32,建物毀損,中正區,121.5170212,25.02344131
2024-04-03T18:51:41,民生、基礎設施災情,松山區,121.5696106,25.0524292
2024-04-03T19:02:05,民生、基礎設施災情,中山區,121.5426331,25.05370522
2024-04-03T19:02:34,民生、基礎設施災情,信義區,121.5804062,25.04572868
2024-04-03T19:04:29,建物毀損,大安區,121.5240707,25.02520943
2024-04-03T19:06:03,民生、基礎設施災情,士林區,121.5115128,25.08865356
2024-04-03T19:06:37,民生、基礎設施災情,大安區,121.5540314,25.04358864
2024-04-03T19:13:52,民生、基礎設施災情,中正區,121.5270157,25.02143097
2024-04-03T19:15:42,建物毀損,中正區,121.5273285,25.03547096
2024-04-03T19:16:12,民生、基礎設施災情,內湖區,121.5656357,25.08099937
2024-04-03T19:18:22,民生、基礎設施災情,松山區,121.551178,25.04608727
2024-04-03T19:18:37,其他災情,南港區,121.6032944,25.05709648
2024-04-03T19:23:14,建物毀損,信義區,121.5674133,25.04129982
2024-04-03T19:25:38,民生、基礎設施災情,南港區,121.6137314,25.05463219
2024-04-03T19:27:24,民生、基礎設施災情,文山區,121.5615768,25.00727081
2024-04-03T19:29:09,其他災情,中正區,121.5182266,25.02967453
2024-04-03T19:29:30,建物毀損,文山區,121.557579,24.9817543
2024-04-03T19:30:47,民生、基礎設施災情,萬華區,121.4961777,25.02944565
2024-04-03T19:31:10,民生、基礎設施災情,松山區,121.5529861,25.04540825
2024-04-03T19:36:52,民生、基礎設施災情,中山區,121.5317078,25.06726646
2024-04-03T19:43:29,民生、基礎設施災情,士林區,121.5113602,25.08621597
2024-04-03T19:43:52,建物毀損,士林區,121.5109177,25.08583641
2024-04-03T19:45:57,民生、基礎設施災情,中正區,121.5081482,25.03402328
2024-04-03T19:50:05,民生、基礎設施災情,中正區,121.5301208,25.0338974
2024-04-03T19:50:41,民生、基礎設施災情,松山區,121.5637817,25.03752327
2024-04-03T19:51:53,民生、基礎設施災情,內湖區,121.5793076,25.07545471
2024-04-03T19:52:16,建物毀損,中正區,121.5170898,25.02305222
2024-04-03T19:52:18,建物毀損,松山區,121.5689316,25.05108261
2024-04-03T19:58:58,建物毀損,南港區,121.5883102,25.04772758
2024-04-03T19:59:06,建物毀損,松山區,121.5643845,25.04847717
2024-04-03T20:01:36,民生、基礎設施災情,中正區,121.5051804,25.03215981
2024-04-03T20:04:55,其他災情,松山區,121.5645218,25.05823898
2024-04-03T20:07:42,民生、基礎設施災情,大同區,121.5121231,25.0638485
2024-04-03T20:13:38,其他災情,南港區,121.6032944,25.05709648
2024-04-03T20:14:43,建物毀損,大安區,121.5226135,25.02978897
2024-04-03T20:18:58,建物毀損,文山區,121.5384674,25.00410271
2024-04-03T20:18:58,建物毀損,文山區,121.5602875,24.98959541
2024-04-03T20:18:58,建物毀損,文山區,121.5595627,24.98158073
2024-04-03T20:18:58,民生、基礎設施災情,文山區,121.5559387,25.00293541
2024-04-03T20:19:56,建物毀損,萬華區,121.5010681,25.03674889
2024-04-03T20:20:01,建物毀損,松山區,121.5617828,25.05529594
2024-04-03T20:20:02,建物毀損,文山區,121.5614395,24.98197556
2024-04-03T20:20:06,建物毀損,信義區,121.5762787,25.04465103
2024-04-03T20:20:14,建物毀損,信義區,121.5673904,25.04133224
2024-04-03T20:20:58,建物毀損,大安區,121.524086,25.02528572
2024-04-03T20:21:04,民生、基礎設施災情,松山區,121.5586395,25.04810715
2024-04-03T20:21:13,建物毀損,南港區,121.6187973,25.05426025
2024-04-03T20:21:20,建物毀損,松山區,121.5596313,25.04821777
2024-04-03T20:21:20,建物毀損,內湖區,121.6123886,25.06869316
2024-04-03T20:21:26,民生、基礎設施災情,信義區,121.5571671,25.02866554
2024-04-03T20:21:26,建物毀損,內湖區,121.5886459,25.05828476
2024-04-03T20:21:32,建物毀損,信義區,121.5566711,25.02786827
2024-04-03T20:21:36,建物毀損,大安區,121.5563354,25.04403877
2024-04-03T20:21:40,民生、基礎設施災情,南港區,121.6011276,25.05570793
2024-04-03T20:21:43,建物毀損,南港區,121.5943222,25.05068779
2024-04-03T20:21:44,建物毀損,內湖區,121.5899582,25.05953407
2024-04-03T20:21:50,民生、基礎設施災情,南港區,121.5942535,25.05364609
2024-04-03T20:21:56,建物毀損,南港區,121.5945511,25.05367279
2024-04-03T20:21:57,建物毀損,信義區,121.5860672,25.03899574
2024-04-03T20:22:02,建物毀損,內湖區,121.5900269,25.07827568
2024-04-03T20:22:06,民生、基礎設施災情,內湖區,121.5923996,25.08189774
2024-04-03T20:22:10,建物毀損,內湖區,121.6110611,25.07345009
2024-04-03T20:22:13,民生、基礎設施災情,信義區,121.5794067,25.03866959
2024-04-03T20:22:15,建物毀損,中正區,121.5340576,25.01368713
2024-04-03T20:22:16,建物毀損,中正區,121.5127258,25.02440453
2024-04-03T20:22:21,建物毀損,大安區,121.5227737,25.02979851
2024-04-03T20:22:23,建物毀損,中正區,121.5247955,25.04424858
2024-04-03T20:22:28,其他災情,大安區,121.5344467,25.02659988
2024-04-03T20:22:29,其他災情,信義區,121.5627289,25.03475189
2024-04-03T20:22:29,民生、基礎設施災情,松山區,121.5555344,25.05477524
2024-04-03T20:22:33,民生、基礎設施災情,松山區,121.5556946,25.05230331
2024-04-03T20:22:36,民生、基礎設施災情,信義區,121.5749588,25.04505157
2024-04-03T20:22:38,民生、基礎設施災情,信義區,121.5732651,25.04215431
2024-04-03T20:22:38,其他災情,內湖區,121.6124268,25.07518768
2024-04-03T20:22:44,其他災情,內湖區,121.6124496,25.07512283
2024-04-03T20:22:46,民生、基礎設施災情,大安區,121.5278244,25.02907181
2024-04-03T20:22:50,建物毀損,南港區,121.616272,25.04656792
2024-04-03T20:22:52,民生、基礎設施災情,松山區,121.5548096,25.0547905
2024-04-03T20:22:59,建物毀損,信義區,121.5548706,25.02622223
2024-04-03T20:26:02,建物毀損,信義區,121.5626068,25.02498627
2024-04-03T20:31:21,民生、基礎設施災情,內湖區,121.6113586,25.07307816
2024-04-03T20:32:31,民生、基礎設施災情,文山區,121.5593719,24.98489952
2024-04-03T20:43:14,民生、基礎設施災情,文山區,121.5460968,24.99801254
2024-04-03T20:44:17,建物毀損,文山區,121.5640488,24.98574448
2024-04-03T20:44:17,民生、基礎設施災情,文山區,121.5629501,24.98154259
2024-04-03T20:44:17,建物毀損,文山區,121.5740051,24.99142075
2024-04-03T20:44:17,建物毀損,文山區,121.5621414,24.98368263
2024-04-03T20:44:17,建物毀損,文山區,121.5595627,24.98158073
2024-04-03T20:44:17,建物毀損,文山區,121.545433,24.99760246
2024-04-03T20:44:17,建物毀損,文山區,121.5560913,24.98027611
2024-04-03T20:44:17,建物毀損,文山區,121.5615005,24.98303413
2024-04-03T20:45:36,建物毀損,內湖區,121.5927658,25.08852196
2024-04-03T20:50:56,建物毀損,信義區,121.5756531,25.04070282
2024-04-03T20:55:05,民生、基礎設施災情,信義區,121.5593643,25.03180885
2024-04-03T21:02:00,民生、基礎設施災情,中正區,121.5051804,25.03215981
2024-04-03T21:07:08,民生、基礎設施災情,大安區,121.5440521,25.02907944
2024-04-03T21:15:20,民生、基礎設施災情,大同區,121.5148468,25.06800652
2024-04-03T21:17:34,民生、基礎設施災情,士林區,121.5270081,25.09641457
2024-04-03T21:17:34,建物毀損,信義區,121.5825043,25.0418663
2024-04-03T21:18:54,建物毀損,萬華區,121.5003662,25.02861786
2024-04-03T21:18:56,建物毀損,中正區,121.5115051,25.04247284
2024-04-03T21:26:29,民生、基礎設施災情,士林區,121.5115585,25.08863831
2024-04-03T21:54:05,建物毀損,文山區,121.560173,24.98873901
2024-04-03T21:54:05,建物毀損,文山區,121.5606689,24.98156548
2024-04-03T21:54:05,建物毀損,文山區,121.5598831,24.98159409
2024-04-03T22:14:39,建物毀損,文山區,121.5378189,25.00337029
2024-04-03T22:14:39,建物毀損,文山區,121.5447922,24.99392128
2024-04-04T10:19:31,建物毀損,松山區,121.5568237,25.05127907
2024-04-04T10:35:31,建物毀損,大同區,121.5166626,25.06648827
2024-04-04T12:00:52,民生、基礎設施災情,中正區,121.5262451,25.04296684
